Year,population_north,counterfactual,pct_larger,band
1981,23534374,25855510.080983136,9.8627483398672,All ages
1982,23466885,26236007.56662627,11.80012842192848,All ages
1983,23429648,26142797.095546342,11.579982317900562,All ages
1984,23406002,25701210.058283497,9.80606623157383,All ages
1985,23408310,26264433.27522255,12.201321988740531,All ages
1986,23398288,26554403.94262393,13.488661831258453,All ages
1987,23409459,25881021.668366775,10.557965770873956,All ages
1988,23437351,26089662.085395906,11.31659924108277,All ages
1989,23508890,26494450.340208314,12.699707813547612,All ages
1990,23546122,25843492.014071614,9.756893360493146,All ages
1991,23607235,26406294.754915755,11.856787781016088,All ages
1992,23655461,26752617.508886937,13.092775950918645,All ages
1993,23696653,26715219.421954773,12.738366139533607,All ages
1994,23708667,26489270.362494886,11.728214675649573,All ages
1995,23719804,26068364.192542475,9.901263065000343,All ages
1996,23718466,26392308.730334666,11.27325321264312,All ages
1997,23702603,27133880.809958782,14.47637548483085,All ages
1998,23714756,27386450.40743995,15.482741662785603,All ages
1999,23704156,28683652.59867069,21.00685043867705,All ages
2000,23713955,28074520.223918922,18.38818208063109,All ages
2001,23760067,27205207.646049425,14.499709306583286,All ages
2002,23848587,27417233.62421195,14.963765460033107,All ages
2003,23961990,27916960.8463682,16.505185280388645,All ages
2004,24081922,28867093.630938325,19.870389211203012,All ages
2005,24235355,28793700.475040767,18.80865980729709,All ages
2006,24370366,28980008.130143967,18.914948302967495,All ages
2007,24512158,29395235.068753086,19.92104109623105,All ages
2008,24663899,29996458.3638402,21.62090983197831,All ages
2009,24784601,30035136.49706551,21.184668242452286,All ages
2010,24934514,29423773.257225968,18.004197945169366,All ages
2011,25086729,30466124.99075547,21.44319409180635,All ages
2012,25202829,30363308.161535017,20.475793259300445,All ages
2013,25325050,30835632.10688594,21.759412545625544,All ages
2014,25467517,31394036.091022838,23.27089480699214,All ages
2015,25609744,31797080.689484507,24.16008800980012,All ages
2016,25804315,32228402.65167147,24.895400833819735,All ages
2017,25960734,31878646.500682548,22.795628585395722,All ages
2018,26093871,32777718.65055977,25.614626708930132,All ages
2019,26229572,33512651.44595913,27.766672845287488,All ages
2020,26273911,32895021.35704405,25.200322696701114,All ages
2021,26391825,34841093.422616854,32.014718279682654,All ages
2022,26708489,34387861.85849023,28.752554509879722,All ages
2023,27079819,35927054.28174714,32.670954269476994,All ages
2024,27421422,35544081.600878164,29.62158417925287,All ages
1981,22234336,24402932.50380411,9.753367511420663,Under 75
1982,22135290,24726332.942567877,11.705484511690955,Under 75
1983,22068952,24612128.488154355,11.523775520261935,Under 75
1984,22009457,24111237.390603993,9.549442272037844,Under 75
1985,21980155,24668394.602412403,12.230303209474203,Under 75
1986,21944217,24936141.140970547,13.6342260057424,Under 75
1987,21925787,24233660.678544737,10.525841916391588,Under 75
1988,21923573,24401817.30768242,11.304016492578196,Under 75
1989,21961501,24735924.783319358,12.633124590706979,Under 75
1990,21978021,24083837.831231985,9.581467008480814,Under 75
1991,22024813,24646944.60487128,11.905352408083015,Under 75
1992,22072241,24979612.175734956,13.172070637208776,Under 75
1993,22125528,24958252.12190041,12.80296733212609,Under 75
1994,22150422,24752822.87201039,11.748764298984415,Under 75
1995,22105984,24293835.250849813,9.897099585568391,Under 75
1996,22061277,24548175.780505914,11.272687344916221,Under 75
1997,22012989,25270667.770255484,14.798893372705923,Under 75
1998,21999961,25434545.872888844,15.611777097645053,Under 75
1999,21973490,26763584.50004112,21.799425125645122,Under 75
2000,21964663,26148811.649676852,19.049455253089253,Under 75
2001,21986023,25210446.994504057,14.665790145421287,Under 75
2002,22056329,25402960.04718472,15.173109936765638,Under 75
2003,22157389,25869895.09981604,16.75516054629018,Under 75
2004,22264017,26799296.93775369,20.370447694832826,Under 75
2005,22399074,26713367.809162144,19.26103645696311,Under 75
2006,22510419,26859098.295731056,19.31851777495148,Under 75
2007,22630335,27224565.821242105,20.301205533378553,Under 75
2008,22765328,27810091.136802956,22.159852635564725,Under 75
2009,22868650,27848335.50278387,21.775161641740404,Under 75
2010,22988563,27216744.579512805,18.392544064249705,Under 75
2011,23109499,28227585.12369733,22.14710982569259,Under 75
2012,23190887,28086700.263412133,21.11093578875243,Under 75
2013,23282341,28498083.467716012,22.40213931973598,Under 75
2014,23382152,29027422.28959614,24.143501802554958,Under 75
2015,23502750,29399319.712825287,25.088850082757496,Under 75
2016,23677717,29821600.47120171,25.947955502642884,Under 75
2017,23806103,29434327.725633465,23.64194057983142,Under 75
2018,23897996,30293365.606769077,26.761112550061018,Under 75
2019,23965903,30907293.438038774,28.963608999163416,Under 75
2020,23976448,30178437.52952808,25.86700719609545,Under 75
2021,24048798,32198481.081634317,33.888109840809165,Under 75
2022,24252117,31566721.639460593,30.16068510415233,Under 75
2023,24546265,33024641.686580036,34.540394176385036,Under 75
2024,24818110,32522608.770322613,31.043857772902996,Under 75
1981,7438730,8007733.317110472,7.6491997573574055,25-49
1982,7454864,8202815.941948557,10.033072929949594,25-49
1983,7501092,8119890.233161433,8.249441990065343,25-49
1984,7573321,8174358.284999701,7.93624468050016,25-49
1985,7650928,8375533.375156375,9.470816810148719,25-49
1986,7732505,8362171.606312113,8.143112824525979,25-49
1987,7822740,8265848.580651767,5.664365435279284,25-49
1988,7914306,8470487.774571145,7.027549535880273,25-49
1989,8027804,8543953.942545682,6.429528455673328,25-49
1990,8125310,8502888.41341462,4.646941635637525,25-49
1991,8230643,8618632.30902506,4.713961096661112,25-49
1992,8322311,9029009.39216076,8.491612391807513,25-49
1993,8384864,8688834.80299615,3.625232359119357,25-49
1994,8426796,8668010.080836393,2.8624649372833044,25-49
1995,8457482,8879636.958825756,4.991496982503252,25-49
1996,8493885,8980824.406806955,5.732823164040424,25-49
1997,8434588,9230451.207429076,9.435709336710651,25-49
1998,8389113,9561386.334463352,13.973745906907586,25-49
1999,8316186,9892848.78511223,18.95896490425093,25-49
2000,8273113,9685685.164848661,17.07425203606745,25-49
2001,8239999,9780440.002187662,18.694674625417584,25-49
2002,8223237,9612106.257603418,16.889568640711893,25-49
2003,8221349,9790608.451530172,19.087615080325282,25-49
2004,8235401,10105343.582456991,22.706150950718616,25-49
2005,8297373,10193569.21627256,22.85297064833123,25-49
2006,8338235,10662896.780399967,27.879542617831788,25-49
2007,8367184,10308195.247219073,23.197903227884954,25-49
2008,8390854,10700736.416840991,27.52857357357179,25-49
2009,8394772,10667496.190368095,27.073090137148405,25-49
2010,8399527,10456855.43513385,24.493384390976413,25-49
2011,8386184,11076279.138737861,32.07770231058442,25-49
2012,8349121,11053425.34963199,32.390288146883826,25-49
2013,8330852,10956430.728938976,31.516329049405467,25-49
2014,8307126,11447770.317317132,37.80662911959121,25-49
2015,8299348,11255901.791268842,35.62392842508644,25-49
2016,8326647,11177487.883518552,34.237561452029276,25-49
2017,8334513,11490287.145210523,37.86392972463446,25-49
2018,8332908,11687269.643303346,40.25439430392544,25-49
2019,8331782,11599099.091185471,39.21510537824287,25-49
2020,8313836,11805204.57965138,41.99467706184461,25-49
2021,8307041,12442793.71523912,49.786111748324345,25-49
2022,8400538,12062535.709658954,43.59241883863811,25-49
2023,8571528,12603020.810068328,47.03353719509904,25-49
2024,8726497,12516606.973505717,43.43220393596327,25-49
