Year,Area,Sex,D,P,rate,lo,hi,band
1981,North,Female,137325,12048301,113.97872612910318,113.37588195764982,114.58157030055654,All ages
1981,North,Male,139623,11486073,121.55851699706245,120.92089545419114,122.19613853993377,All ages
1981,South,Female,133450,11977455,111.41765926066931,110.81986627815489,112.01545224318373,All ages
1981,South,Male,130648,11308976,115.52593267507156,114.89948590864788,116.15237944149524,All ages
1982,North,Female,139652,12019775,116.1852031340021,115.5758299860429,116.79457628196128,All ages
1982,North,Male,141379,11447110,123.5062823717078,122.8624798581411,124.1500848852745,All ages
1982,South,Female,133877,11996302,111.5985576221739,111.0007496987414,112.1963655456064,All ages
1982,South,Male,130110,11314150,114.99759151151433,114.37272179511764,115.62246122791102,All ages
1983,North,Female,137827,12003282,114.8244288520423,114.2182186881211,115.43063901596351,All ages
1983,North,Male,140029,11426366,122.5490238978867,121.90713933063265,123.19090846514075,All ages
1983,South,Female,134270,12034591,111.5700566807796,110.97327672132404,112.16683664023516,All ages
1983,South,Male,130404,11349454,114.89891936651755,114.27528999836005,115.52254873467504,All ages
1984,North,Female,136241,11993357,113.59705210142582,112.99384114478895,114.20026305806269,All ages
1984,North,Male,136137,11412645,119.28610764638697,118.652445373221,119.91976991955293,All ages
1984,South,Female,130897,12091104,108.25893152519406,107.67244915556638,108.84541389482173,All ages
1984,South,Male,128047,11415338,112.17101061746924,111.55660949545093,112.78541173948754,All ages
1985,North,Female,141344,11997725,117.80900128982786,117.1948210256323,118.42318155402343,All ages
1985,North,Male,141285,11410585,123.81924327280329,123.17359470967538,124.4648918359312,All ages
1985,South,Female,138409,12163299,113.79231900819013,113.19282222919884,114.39181578718143,All ages
1985,South,Male,132112,11485750,115.02252791502514,114.40227638274793,115.64277944730235,All ages
1986,North,Female,139188,11997798,116.01128807136111,115.40181373534186,116.62076240738035,All ages
1986,North,Male,138405,11400490,121.4026765516219,120.76307656909309,122.0422765341507,All ages
1986,South,Female,136006,12241044,111.10653633791367,110.51604076444416,111.69703191138318,All ages
1986,South,Male,130946,11548311,113.389741582124,112.77557848371697,114.00390468053104,All ages
1987,North,Female,136058,12008229,113.30396847028817,112.70190933391372,113.90602760666262,All ages
1987,North,Male,134755,11401230,118.19338790639256,117.56231896190398,118.82445685088113,All ages
1987,South,Female,133003,12290010,108.2204164195147,107.6388028189653,108.80203002006411,All ages
1987,South,Male,127345,11600950,109.771182532465,109.16827117474064,110.37409389018937,All ages
1988,North,Female,138267,12024160,114.99098481723465,114.38486205355153,115.59710758091776,All ages
1988,North,Male,135493,11413191,118.71614169954748,118.08401022413425,119.34827317496071,All ages
1988,South,Female,134290,12331094,108.90355713775274,108.32108346577266,109.48603080973282,All ages
1988,South,Male,127506,11643897,109.50457565881939,108.90350846190304,110.10564285573574,All ages
1989,North,Female,141079,12062694,116.95480296524143,116.34450356008672,117.56510237039613,All ages
1989,North,Male,136124,11446196,118.9250996575631,118.29332493717492,119.55687437795127,All ages
1989,South,Female,135758,12362323,109.81593022605864,109.23176096533464,110.40009948678264,All ages
1989,South,Male,126834,11681438,108.57738576363629,107.97983114480479,109.17494038246778,All ages
1990,North,Female,136929,12077263,113.3775094572338,112.77697868569767,113.97804022876993,All ages
1990,North,Male,133317,11468859,116.2426009422559,115.61860951375475,116.86659237075706,All ages
1990,South,Female,132755,12409740,106.97645559052808,106.4009906998415,107.55192048121465,All ages
1990,South,Male,125913,11743254,107.22155886264575,106.62931181751061,107.81380590778089,All ages
1991,North,Female,139201,12111348,114.93435743073356,114.33056902961326,115.53814583185385,All ages
1991,North,Male,133429,11495887,116.0667289092177,115.44394311068628,116.68951470774913,All ages
1991,South,Female,135103,12473073,108.31572941166944,107.73814547876042,108.89331334457846,All ages
1991,South,Male,126233,11794727,107.02494428230513,106.43453302441408,107.61535554019618,All ages
1992,North,Female,136253,12135104,112.28004308821745,111.68385182789977,112.87623434853514,All ages
1992,North,Male,130509,11520357,113.28555182795117,112.67092662477116,113.90017703113118,All ages
1992,South,Female,132194,12515845,105.62131442183887,105.05193499980726,106.19069384387049,All ages
1992,South,Male,123700,11826667,104.59413459430286,104.01125540146965,105.17701378713606,All ages
1993,North,Female,141953,12154119,116.79415019714716,116.18656823119225,117.40173216310207,All ages
1993,North,Male,134263,11542534,116.32021183563332,115.69800742937385,116.94241624189279,All ages
1993,South,Female,138053,12551609,109.98828915081724,109.40808665351074,110.56849164812374,All ages
1993,South,Male,126629,11854057,106.82334326551661,106.23496631807866,107.41172021295456,All ages
1994,North,Female,135146,12158922,111.14965619485017,110.55705489879364,111.7422574909067,All ages
1994,North,Male,127410,11549745,110.31412381831807,109.70838496175882,110.91986267487731,All ages
1994,South,Female,131789,12615427,104.46653926181015,103.90252030910908,105.03055821451123,All ages
1994,South,Male,121950,11904687,102.43864454395147,101.86369598164389,103.01359310625905,All ages
1995,North,Female,137620,12156275,113.20902167810452,112.61089065014909,113.80715270605995,All ages
1995,North,Male,129691,11563529,112.15520798192316,111.54479944768391,112.7656165161624,All ages
1995,South,Female,136819,12680976,107.8931148517275,107.3214037880715,108.4648259153835,All ages
1995,South,Male,124897,11982681,104.23126510669859,103.65319824061802,104.80933197277915,All ages
1996,North,Female,138166,12150399,113.7131381446815,113.11353193210489,114.3127443572581,All ages
1996,North,Male,128411,11568067,111.00471669121558,110.39756614497905,111.6118672374521,All ages
1996,South,Female,136250,12739954,106.94701095467065,106.37913109423204,107.51489081510925,All ages
1996,South,Male,123823,12060709,102.6664352817069,102.09458295381447,103.23828760959933,All ages
1997,North,Female,136551,12140204,112.47834056165779,111.88174841894039,113.07493270437519,All ages
1997,North,Male,127053,11562399,109.88463553281633,109.28040790198028,110.48886316365238,All ages
1997,South,Female,136609,12815211,106.59910320633816,106.03381494598906,107.16439146668725,All ages
1997,South,Male,121385,12146963,99.93032826394548,99.36815411116265,100.49250241672831,All ages
1998,North,Female,138014,12144358,113.64454176993135,113.04496736969934,114.24411617016337,All ages
1998,North,Male,126638,11570398,109.44999471928278,108.84717174590948,110.05281769265609,All ages
1998,South,Female,132873,12882639,103.14113435919457,102.58654746204328,103.69572125634585,All ages
1998,South,Male,120560,12223188,98.63220626239243,98.07543963022157,99.18897289456329,All ages
1999,North,Female,136417,12139750,112.37216581890073,111.7758441711499,112.96848746665155,All ages
1999,North,Male,125517,11564406,108.53735159419342,107.93689168494116,109.13781150344569,All ages
1999,South,Female,135104,12977210,104.10866434310611,103.55351626267863,104.6638124235336,All ages
1999,South,Male,120085,12351506,97.22296212299942,96.67306615048675,97.77285809551209,All ages
2000,North,Female,131481,12147226,108.23952727972625,107.65445373780955,108.82460082164295,All ages
2000,North,Male,121645,11566729,105.16802114063535,104.57701411689294,105.75902816437775,All ages
2000,South,Female,131613,13056150,100.8053675853908,100.26075166243459,101.34998350834701,All ages
2000,South,Male,118286,12463206,94.9081640791302,94.36729398271198,95.44903417554842,All ages
2001,North,Female,131397,12168687,107.97960371566793,107.39574861884167,108.5634588124942,All ages
2001,North,Male,120631,11591380,104.06957583997763,103.48228883416903,104.65686284578624,All ages
2001,South,Female,129465,13115472,98.71165902378503,98.1739487498071,99.24936929776297,All ages
2001,South,Male,116386,12574207,92.55931606661159,92.02754361253918,93.091088520684,All ages
2002,North,Female,132362,12211783,108.38875862763038,107.80483149798275,108.97268575727801,All ages
2002,North,Male,121210,11636804,104.16090191086832,103.57450513005409,104.74729869168254,All ages
2002,South,Female,130452,13174725,99.01686752474909,98.47953901584697,99.55419603365121,All ages
2002,South,Male,116773,12655955,92.26723704374739,91.73802177201233,92.79645231548244,All ages
2003,North,Female,134267,12261693,109.50119204582923,108.91547174646205,110.08691234519641,All ages
2003,North,Male,121511,11700297,103.85291928914283,103.26898096000446,104.43685761828121,All ages
2003,South,Female,132221,13236119,99.89408526774352,99.35563496307945,100.43253557240759,All ages
2003,South,Male,116128,12727408,91.24245879443795,90.71766996978428,91.76724761909162,All ages
2004,North,Female,127608,12305023,103.70399145129595,103.13499102395623,104.27299187863566,All ages
2004,North,Male,117360,11776899,99.65271842783062,99.08257362315233,100.22286323250891,All ages
2004,South,Female,124010,13316043,93.12826640767082,92.60993295790212,93.64659985743953,All ages
2004,South,Male,111739,12796635,87.31904910939477,86.80705769439984,87.83104052438969,All ages
2005,North,Female,127447,12367510,103.0498459269489,102.4840776277663,103.61561422613151,All ages
2005,North,Male,116764,11867845,98.386859619417,97.8225224079136,98.9511968309204,All ages
2005,South,Female,124275,13451881,92.38484937534014,91.87120215701191,92.89849659366837,All ages
2005,South,Male,111192,12918798,86.06992693902328,85.56401988528624,86.57583399276031,All ages
2006,North,Female,124293,12427872,100.01149030179904,99.45548026028959,100.5675003433085,All ages
2006,North,Male,115732,11942494,96.90773133317045,96.34940544074098,97.46605722559991,All ages
2006,South,Female,120719,13559624,89.02827984020796,88.52605725532084,89.53050242509508,All ages
2006,South,Male,109582,13035196,84.06624649142215,83.56850010368274,84.56399287916156,All ages
2007,North,Female,125809,12491058,100.71925052305417,100.16268961156688,101.27581143454147,All ages
2007,North,Male,115195,12021100,95.82733693256026,95.27395028506527,96.38072358005525,All ages
2007,South,Female,120356,13689502,87.91846482070714,87.42175551709047,88.41517412432381,All ages
2007,South,Male,109361,13179433,82.97853177750515,82.48672944844999,83.47033410656032,All ages
2008,North,Female,126800,12557337,100.97682335036481,100.42102385438984,101.53262284633978,All ages
2008,North,Male,116479,12106562,96.21145953739799,95.65892547344897,96.763993601347,All ages
2008,South,Female,122141,13823590,88.35693188238366,87.86140643461212,88.8524573301552,All ages
2008,South,Male,110343,13328364,82.78810512678075,82.29961969053124,83.27659056303025,All ages
2009,North,Female,120005,12612264,95.149451359407,94.61110387357792,95.68779884523607,All ages
2009,North,Male,113543,12172337,93.27954032163258,92.73696218945999,93.82211845380517,All ages
2009,South,Female,116857,13950285,83.76674741770509,83.28646094208212,84.24703389332807,All ages
2009,South,Male,108836,13461495,80.84986102955133,80.36952068736697,81.3302013717357,All ages
2010,North,Female,120280,12676706,94.88269271212884,94.3464685703037,95.41891685395399,All ages
2010,North,Male,113357,12257808,92.47738257933229,91.93902921834851,93.01573594031606,All ages
2010,South,Female,118371,14088502,84.01957851870979,83.54093309428447,84.49822394313512,All ages
2010,South,Male,109008,13619436,80.03855666269881,79.56341169502689,80.51370163037073,All ages
2011,North,Female,118301,12743196,92.83463897125964,92.3056191842895,93.363658758229775,All ages
2011,North,Male,111798,12343533,90.57212388057779,90.04119835446494,91.10304940669064,All ages
2011,South,Female,115494,14230811,81.15770773710648,80.68964277544201,81.62577269877094,All ages
2011,South,Male,107270,13789629,77.79034519347837,77.32482059980035,78.2558697871564,All ages
2012,North,Female,122447,12801190,95.65282602633037,95.11705428640221,96.18859776625854,All ages
2012,North,Male,114193,12401639,92.07895827317662,91.54489006358668,92.61302648276657,All ages
2012,South,Female,119873,14387841,83.31548840441036,82.84383700349252,83.7871398053282,All ages
2012,South,Male,110268,13916142,79.23747831834426,78.76978413517259,79.70517250151593,All ages
2013,North,Female,123697,12860971,96.18014067522584,95.6441442467454,96.71613710370629,All ages
2013,North,Male,116692,12464079,93.62264151246153,93.08546573626916,94.1598172886539,All ages
2013,South,Female,120564,14549063,82.8671922033742,82.39942488985396,83.33495951689444,All ages
2013,South,Male,112599,14044573,80.17260474917963,79.70431484137696,80.6408946569823,All ages
2014,North,Female,121132,12933064,93.66071334681402,93.13325995601849,94.18816673760955,All ages
2014,North,Male,116986,12534453,93.33155583255208,92.79672352836492,93.86638813673925,All ages
2014,South,Female,118627,14714263,80.62041571501067,80.16163058754756,81.07920084247377,All ages
2014,South,Male,112132,14188539,79.02998328439594,78.56740719822407,79.4925593705678,All ages
2015,North,Female,128786,12999895,99.06695400232078,98.52588761623318,99.60802038840839,All ages
2015,North,Male,121858,12609849,96.63716036567924,96.09456858794644,97.17975214341203,All ages
2015,South,Female,126106,14866291,84.82680717066549,84.3586180509208,85.29499629041018,All ages
2015,South,Male,118559,14332641,82.71957694328631,82.2487111819213,83.19044270465133,All ages
2016,North,Female,126145,13096577,96.31906107985316,95.7875243364846,96.85059782322172,All ages
2016,North,Male,122360,12707738,96.28778937683481,95.7482693710431,96.82730938262652,All ages
2016,South,Female,123925,15026889,82.46883303656533,82.00967048905999,82.92799558407067,All ages
2016,South,Male,118361,14457830,81.86636583775021,81.39996720312175,82.33276447237867,All ages
2017,North,Female,128054,13180173,97.15653959929054,96.62439270103403,97.68868649754705,All ages
2017,North,Male,124632,12780561,97.51684609149787,96.97544274484896,98.05824943814677,All ages
2017,South,Female,125364,15127622,82.87092313649826,82.4121776253836,83.32966864761292,All ages
2017,South,Male,120833,14531192,83.15422437471062,82.68535959633455,83.6230891530867,All ages
2018,North,Female,129569,13254696,97.7532792906001,97.22100332888502,98.28555525231519,All ages
2018,North,Male,126758,12839175,98.72752727492227,98.18401839746731,99.27103615237722,All ages
2018,South,Female,126278,15229877,82.91465518730058,82.45733168274494,83.37197869185623,All ages
2018,South,Male,123254,14600780,84.41603804728241,83.94475640253688,84.88731969202794,All ages
2019,North,Female,126270,13330886,94.71988583504502,94.19743293158677,95.24233873850326,All ages
2019,North,Male,126359,12898686,97.96269170363554,97.42254256125638,98.5028408460147,All ages
2019,South,Female,122206,15327011,79.73244098278523,79.28540254490169,80.17947942066878,All ages
2019,South,Male,121535,14673473,82.8263356602762,82.36067040321595,83.29200091733645,All ages
2020,North,Female,144368,13363136,108.03452123812853,107.47722879636066,108.5918136798964,All ages
2020,North,Male,149096,12910775,115.48183590837886,114.8956481362078,116.06802368054991,All ages
2020,South,Female,136590,15366182,88.89000533769547,88.41859451256504,89.3614161628259,All ages
2020,South,Male,139646,14685868,95.08869342962907,94.58995744871658,95.58742941054157,All ages
2021,North,Female,135898,13434641,101.15491735134567,100.61709785918141,101.69273684350993,All ages
2021,North,Male,141466,12957184,109.17958716955783,108.61064060126999,109.74853373784568,All ages
2021,South,Female,134278,15436563,86.98698019759969,86.52170715185167,87.45225324334771,All ages
2021,South,Male,137707,14726503,93.50964040818108,93.01574561270363,94.00353520365854,All ages
2022,North,Female,135646,13585369,99.84712229752463,99.31576319085303,100.37848140419624,All ages
2022,North,Male,140053,13123120,106.7223343229354,106.16339433750409,107.2812743083667,All ages
2022,South,Female,131108,15588479,84.10570396252258,83.65043617243268,84.56097175261249,All ages
2022,South,Male,133526,14847427,89.93208048775051,89.44970215484486,90.41445882065617,All ages
2023,North,Female,136179,13762226,98.95128883946535,98.42572865516213,99.47684902376857,All ages
2023,North,Male,141477,13317593,106.23316090227416,105.67958999972318,106.78673180482515,All ages
2023,South,Female,131623,15800057,83.30539567040803,82.85534303390321,83.75544830691285,All ages
2023,South,Male,134775,15052594,89.53606268793271,89.05803902694073,90.01408634892469,All ages
2024,North,Female,132945,13924053,95.47866558680867,94.96541860063549,95.99191257298186,All ages
2024,North,Male,138903,13497369,102.91116735417101,102.36996115427368,103.45237355406834,All ages
2024,South,Female,128149,15971709,80.23499551613418,79.79569441357465,80.6742966186937,All ages
2024,South,Male,131956,15226970,86.65939448229031,86.19181316473477,87.12697579984585,All ages
1981,North,Persons,276948,23534374,117.67808228083739,117.23980138856841,118.11636317310636,All ages
1981,South,Persons,264098,23286431,113.41282826896058,112.98027888669563,113.84537765122553,All ages
1982,North,Persons,281031,23466885,119.75641419813495,119.3136446536553,120.1991837426146,All ages
1982,South,Persons,263987,23310452,113.24834027242372,112.81632744029557,113.68035310455187,All ages
1983,North,Persons,277856,23429648,118.59162374099688,118.15066272442913,119.03258475756463,All ages
1983,South,Persons,264674,23384045,113.1857212898795,112.75450806307596,113.61693451668303,All ages
1984,North,Persons,272378,23406002,116.37100603511868,115.93397241578847,116.80803965444889,All ages
1984,South,Persons,258944,23506442,110.1587386130151,109.73443952384693,110.58303770218328,All ages
1985,North,Persons,282629,23408310,120.73874619739742,120.29360850297797,121.18388389181686,All ages
1985,South,Persons,270521,23649049,114.38980062158102,113.95873550223678,114.82086574092526,All ages
1986,North,Persons,277593,23398288,118.63816703170762,118.1968240301146,119.07951003330065,All ages
1986,South,Persons,266952,23789355,112.2148961163512,111.78920950242322,112.64058273027918,All ages
1987,North,Persons,270813,23409459,115.68528772920382,115.24957580216801,116.12099965623963,All ages
1987,South,Persons,260348,23890960,108.97343597745758,108.5548356217252,109.39203633318996,All ages
1988,North,Persons,273760,23437351,116.80500923504539,116.36745434345383,117.24256412663695,All ages
1988,South,Persons,261796,23974991,109.19545287837647,108.77716129902161,109.61374445773133,All ages
1989,North,Persons,277203,23508890,117.91411674477187,117.47515880332485,118.3530746862189,All ages
1989,South,Persons,262592,24043761,109.21419490070626,108.79646610447126,109.63192369694126,All ages
1990,North,Persons,270246,23546122,114.77303990865246,114.34031059216652,115.20576922513841,All ages
1990,South,Persons,258668,24152994,107.09562549471093,106.68290460559055,107.50834638383131,All ages
1991,North,Persons,272630,23607235,115.48578221888333,115.05227356659505,115.91929087117161,All ages
1991,South,Persons,261336,24267800,107.68837719117514,107.27549582412622,108.10125855822405,All ages
1992,North,Persons,266762,23655461,112.7697321138658,112.34178841342214,113.19767581430946,All ages
1992,South,Persons,255894,24342512,105.12226511380584,104.71495918658911,105.52957104102256,All ages
1993,North,Persons,276216,23696653,116.5632969348034,116.1285930931858,116.99800077642101,All ages
1993,South,Persons,264682,24405666,108.45104575306407,108.03787686472458,108.86421464140355,All ages
1994,North,Persons,262556,23708667,110.74262420573878,110.31902034638057,111.16622806509699,All ages
1994,South,Persons,253739,24520114,103.4819821800176,103.0793326483016,103.88463171173359,All ages
1995,North,Persons,267311,23719804,112.69528196775994,112.26806018242411,113.12250375309577,All ages
1995,South,Persons,261716,24663657,106.11402842652247,105.70747864090305,106.52057821214188,All ages
1996,North,Persons,266577,23718466,112.39217578404944,111.96551688143593,112.81883468666295,All ages
1996,South,Persons,260073,24800663,104.8653417047762,104.46230888412114,105.26837452543126,All ages
1997,North,Persons,263604,23702603,111.21310178464365,110.78854476403215,111.63765880525516,All ages
1997,South,Persons,257994,24962174,103.35397870393821,102.95515729059845,103.75280011727797,All ages
1998,North,Persons,264652,23714756,111.59802782706261,111.17284569931289,112.02320995481233,All ages
1998,South,Persons,253433,25105827,100.94588798050746,100.55286936467184,101.3389065963431,All ages
1999,North,Persons,261934,23704156,110.50129774711236,110.07811542990902,110.9244800643157,All ages
1999,South,Persons,255189,25328716,100.75086317048208,100.3599557884117,101.14177055255246,All ages
2000,North,Persons,253126,23713955,106.74136811004321,106.32553366743794,107.15720255264849,All ages
2000,South,Persons,249899,25519356,97.92527679773738,97.54133214803619,98.30922144743857,All ages
2001,North,Persons,252028,23760067,106.07209146337846,105.65796516841718,106.48621775833973,All ages
2001,South,Persons,245851,25689679,95.70030049811055,95.32200307475438,96.07859792146672,All ages
2002,North,Persons,253572,23848587,106.32579615723145,105.91194510220798,106.73964721225492,All ages
2002,South,Persons,247225,25830680,95.70983032579862,95.33254803109251,96.08711262050473,All ages
2003,North,Persons,255778,23961990,106.74322124331077,106.32954099794597,107.15690148867557,All ages
2003,South,Persons,248349,25963527,95.65302895866189,95.27682480130079,96.029233116023,All ages
2004,North,Persons,244968,24081922,101.72277777496332,101.31994981756381,102.12560573236283,All ages
2004,South,Persons,235749,26112678,90.28143340947258,89.9169904308102,90.64587638813497,All ages
2005,North,Persons,244211,24235355,100.76642161833405,100.36676289504513,101.16608034162297,All ages
2005,South,Persons,235467,26370679,89.29121620266204,88.93055470282468,89.6518777024994,All ages
2006,North,Persons,240025,24370366,98.49051918219037,98.09649556010595,98.88454280427479,All ages
2006,South,Persons,230301,26594820,86.59618677622183,86.2425096867425,86.94986386570116,All ages
2007,North,Persons,241004,24512158,98.32018869982807,97.92764623115924,98.71273116849689,All ages
2007,South,Persons,229717,26868935,85.49538714504315,85.14576238072124,85.84501190936507,All ages
2008,North,Persons,243279,24663899,98.63768903691991,98.24572461446628,99.02965345937353,All ages
2008,South,Persons,232484,27151954,85.62330357513129,85.2752456581163,85.97136149214627,All ages
2009,North,Persons,233548,24784601,94.23109131351357,93.8489163648544,94.61326626217274,All ages
2009,South,Persons,225693,27411780,82.33431028557794,81.99462410534166,82.67399646581423,All ages
2010,North,Persons,233637,24934514,93.7002421623297,93.32029257765637,94.08019174700303,All ages
2010,South,Persons,227379,27707938,82.06276482934241,81.7254565196837,82.40007313900112,All ages
2011,North,Persons,230099,25086729,91.72140377488034,91.34662982268866,92.09617772707203,All ages
2011,South,Persons,222764,28020440,79.50053603726424,79.17039187334524,79.83068020118324,All ages
2012,North,Persons,236640,25202829,93.89422116064827,93.51590851634637,94.27253380495017,All ages
2012,South,Persons,230141,28303983,81.31046432581591,80.9782598231345,81.64266882849734,All ages
2013,North,Persons,240389,25325050,94.92143154702558,94.54197412199582,95.30088897205533,All ages
2013,South,Persons,233163,28593636,81.54366936754738,81.21267812414722,81.87466061094754,All ages
2014,North,Persons,238118,25467517,93.49871053389305,93.12316242472322,93.87425864306287,All ages
2014,South,Persons,230759,28902802,79.83966398828736,79.51390571992326,80.16542225665145,All ages
2015,North,Persons,250644,25609744,97.87056051790287,97.48740111257545,98.25371992323029,All ages
2015,South,Persons,244665,29198932,83.79244829913642,83.46042005552007,84.12447654275277,All ages
2016,North,Persons,248505,25804315,96.30366084121978,95.92501664694309,96.68230503549647,All ages
2016,South,Persons,242286,29484719,82.17341328570912,81.84620579433614,82.50062077708209,All ages
2017,North,Persons,252686,25960734,97.33391975743058,96.95440410319334,97.71343541166782,All ages
2017,South,Persons,246197,29658814,83.00972520344206,82.68182350271515,83.33762690416897,All ages
2018,North,Persons,256327,26093871,98.23264627927378,97.85235642623181,98.61293613231575,All ages
2018,South,Persons,249532,29830657,83.64951532914613,83.32130187735703,83.97772878093522,All ages
2019,North,Persons,252629,26229572,96.31457196480369,95.93898849590528,96.6901554337021,All ages
2019,South,Persons,243741,30000484,81.24568923621365,80.92314290650741,81.56823556591989,All ages
2020,North,Persons,293464,26273911,111.69406792920933,111.28994940037008,112.09818645804857,All ages
2020,South,Persons,276236,30052050,91.91918687743431,91.57640164249857,92.26197211237006,All ages
2021,North,Persons,277364,26391825,105.09466473046105,104.70354322627651,105.48578623464559,All ages
2021,South,Persons,271985,30163066,90.1715362755232,89.83265071568528,90.51042183536111,All ages
2022,North,Persons,275699,26708489,103.2252329961459,102.83991051531854,103.61055547697327,All ages
2022,South,Persons,264634,30435906,86.9479620550806,86.61668400755204,87.27924010260915,All ages
2023,North,Persons,277656,27079819,102.5324430713514,102.15105786284875,102.91382827985404,All ages
2023,South,Persons,266398,30852651,86.34525441590091,86.01736374162004,86.67314509018178,All ages
2024,North,Persons,271848,27421422,99.13709070229837,98.76441663767098,99.50976476692576,All ages
2024,South,Persons,260105,31198679,83.3705170658027,83.05011580528877,83.69091832631663,All ages
1981,North,Female,55763,11165391,49.94272032210963,49.528191053302685,50.357249590916574,Under 75
1981,North,Male,87047,11068945,78.64073766741093,78.11830930578535,79.16316602903652,Under 75
1981,South,Female,48113,10995680,43.75627519171165,43.36528559890348,44.14726478451982,Under 75
1981,South,Male,74902,10830095,69.1609815057024,68.66567901461089,69.6562839967939,Under 75
1982,North,Female,55764,11117988,50.15655710367739,49.740256702250704,50.57285750510408,Under 75
1982,North,Male,86839,11017302,78.82056786679715,78.29631812654269,79.34481760705161,Under 75
1982,South,Female,47414,10991025,43.13883373024809,42.75053034806737,43.527137112428804,Under 75
1982,South,Male,72904,10819397,67.3826831569264,66.8935482094618,67.87181810439101,Under 75
1983,North,Female,54211,11082985,48.91371773939963,48.501958801345346,49.32547667745391,Under 75
1983,North,Male,84994,10985967,77.36597060595575,76.84584059181562,77.88610062009589,Under 75
1983,South,Female,46354,11001683,42.13355356630436,41.74998716983678,42.517119962771936,Under 75
1983,South,Male,72013,10834485,66.46647256422432,65.98101278894039,66.95193233950825,Under 75
1984,North,Female,53128,11051287,48.074038797472184,47.66524438851493,48.48283320642944,Under 75
1984,North,Male,81534,10958170,74.40475918880615,73.89403384168604,74.91548453592627,Under 75
1984,South,Female,44978,11033074,40.76651711028132,40.389761602162785,41.143272618399855,Under 75
1984,South,Male,69846,10882949,64.17929551999187,63.703324789165855,64.65526625081787,Under 75
1985,North,Female,53544,11037040,48.51300711060212,48.102085614307676,48.92392860689656,Under 75
1985,North,Male,82497,10943115,75.38712697435786,74.8726876181951,75.90156633052061,Under 75
1985,South,Female,45520,11084222,41.06738389036235,40.69011414181974,41.44465363890496,Under 75
1985,South,Male,69373,10937912,63.42435375234322,62.952381046366554,63.89632645831989,Under 75
1986,North,Female,52003,11021791,47.1819870291498,46.77646159394077,47.58751246435883,Under 75
1986,North,Male,80268,10922426,73.48916806577587,72.98076497593519,73.99757115561655,Under 75
1986,South,Female,44223,11146698,39.67363249636798,39.303860569005195,40.04340442373076,Under 75
1986,South,Male,68286,10988497,62.14316662233242,61.67706178058103,62.60927146408382,Under 75
1987,North,Female,50864,11016339,46.171418653692484,45.77016034813511,46.57267695924986,Under 75
1987,North,Male,77669,10909448,71.19425290812147,70.69355341518374,71.6949524010592,Under 75
1987,South,Female,43335,11179373,38.763354617472736,38.39838389675391,39.12832533819156,Under 75
1987,South,Male,65958,11026573,59.8173158605126,59.36080695561161,60.27382476541359,Under 75
1988,North,Female,50582,11015098,45.9206082415245,45.52041872770971,46.320797755339285,Under 75
1988,North,Male,76918,10908475,70.5121476650036,70.01383029891862,71.01046503108857,Under 75
1988,South,Female,42274,11203132,37.73409078818316,37.37438014346245,38.09380143290387,Under 75
1988,South,Male,64429,11055944,58.2754398900718,57.82545188590901,58.72542789423459,Under 75
1989,North,Female,49586,11033528,44.941201037419766,44.545632986040765,45.33676908879877,Under 75
1989,North,Male,74672,10927973,68.33106194533973,67.84094992974998,68.82117396092947,Under 75
1989,South,Female,41510,11214765,37.013704700901,36.657629063431436,37.36978033837057,Under 75
1989,South,Male,62225,11079570,56.16192686178254,55.72064546585829,56.60320825770679,Under 75
1990,North,Female,47879,11036115,43.38392631827414,42.995317734198274,43.77253490235001,Under 75
1990,North,Male,73059,10941906,66.7699027939008,66.2857304780594,67.25407510974219,Under 75
1990,South,Female,40264,11250259,35.78939827074203,35.4398138988847,36.138982642599366,Under 75
1990,South,Male,61511,11132297,55.25454450236101,54.81788020881646,55.69120879590555,Under 75
1991,North,Female,47727,11062347,43.14364754604063,42.756576342825085,43.53071874925618,Under 75
1991,North,Male,71954,10962466,65.63669159840497,65.15709589591903,66.1162873008909,Under 75
1991,South,Female,39375,11307480,34.82208237379151,34.47812824543887,35.16603650214415,Under 75
1991,South,Male,60534,11177792,54.15559709824624,53.724177635452804,54.587016561039675,Under 75
1992,North,Female,46786,11087015,42.19891467631278,41.81653095578168,42.581298396843884,Under 75
1992,North,Male,69908,10985226,63.638199159489304,63.166450674607916,64.10994764437069,Under 75
1992,South,Female,38448,11351063,33.87171756513025,33.53314137478189,34.2102937554786,Under 75
1992,South,Male,59555,11208018,53.13606741174041,52.709304798236424,53.5628300252444,Under 75
1993,North,Female,47292,11114207,42.55094403046479,42.167438677120664,42.93444938380892,Under 75
1993,North,Male,71565,11011321,64.99220211634916,64.51602668281593,65.46837754988239,Under 75
1993,South,Female,39638,11399080,34.772981679223236,34.43065390495172,35.11530945349475,Under 75
1993,South,Male,59618,11241234,53.03510272982486,52.609376131715266,53.46082932793445,Under 75
1994,North,Female,45793,11128577,41.14901662629463,40.772125437549434,41.52590781503983,Under 75
1994,North,Male,68070,11021845,61.75917008450037,61.29521103781417,62.22312913118657,Under 75
1994,South,Female,38281,11475228,33.359685750906216,33.02550118747872,33.693870314333715,Under 75
1994,South,Male,58109,11297598,51.434827119888666,51.01661977598951,51.85303446378782,Under 75
1995,North,Female,44918,11096393,40.479820785006446,40.10546508767894,40.854176482333955,Under 75
1995,North,Male,67168,11009591,61.00862420774759,60.547236420931775,61.4700119945634,Under 75
1995,South,Female,38237,11510911,33.21804851066957,32.88509141023062,33.551005611108515,Under 75
1995,South,Male,57874,11347892,50.99978039974296,50.58426930223547,51.41529149725045,Under 75
1996,North,Female,43769,11068508,39.54372170124465,39.17325404294281,39.91418935954649,Under 75
1996,North,Male,65171,10992769,59.28533566019626,58.83016300675897,59.74050831363355,Under 75
1996,South,Female,36794,11550342,31.855333807431848,31.529834754192244,32.18083286067145,Under 75
1996,South,Male,56429,11406324,49.471679044011026,49.06348981124792,49.87986827677413,Under 75
1997,North,Female,42423,11043757,38.41355799480195,38.04801377773646,38.77910221186744,Under 75
1997,North,Male,63343,10969232,57.74606645205425,57.29635995341849,58.195772950690014,Under 75
1997,South,Female,36133,11613989,31.11161892782919,30.790824606734557,31.432413248923826,Under 75
1997,South,Male,53921,11476443,46.984069889947605,46.58749269530676,47.38064708458845,Under 75
1998,North,Female,41595,11036890,37.6872470415126,37.32506249050485,38.04943159252035,Under 75
1998,North,Male,62363,10963071,56.884608336477974,56.438143413119285,57.331073259836664,Under 75
1998,South,Female,35024,11669704,30.012757821449455,29.698432691996743,30.327082950902167,Under 75
1998,South,Male,53071,11537441,45.99893511914817,45.607576220033614,46.39029401826273,Under 75
1999,North,Female,40459,11028913,36.6844855880176,36.32702272232091,37.04194845371429,Under 75
1999,North,Male,60950,10944577,55.689680834627055,55.247556982505,56.131804686749106,Under 75
1999,South,Female,34491,11758778,29.332129580131543,29.022568200717203,29.641690959545883,Under 75
1999,South,Male,51701,11654708,44.36061375368649,43.978225849631244,44.74300165774174,Under 75
2000,North,Female,38737,11030493,35.118103968698406,34.76838101331202,35.46782692408479,Under 75
2000,North,Male,58309,10934170,53.32732159825574,52.8944709760047,53.76017222050679,Under 75
2000,South,Female,33748,11835470,28.514287983493684,28.21006320565013,28.81851276133724,Under 75
2000,South,Male,50783,11756519,43.19560917649178,42.819913239909305,43.57130511307425,Under 75
2001,North,Female,37646,11043267,34.089549768198125,33.74518563020451,34.43391390619174,Under 75
2001,North,Male,56296,10942756,51.44590631464322,51.020926674075255,51.87088595521118,Under 75
2001,South,Female,32879,11888156,27.65693855295977,27.35798695713501,27.955890148784526,Under 75
2001,South,Male,49426,11853041,41.699003656529996,41.331379520269074,42.06662779279092,Under 75
2002,North,Female,37025,11081448,33.41169854336726,33.07136316884227,33.75203391789225,Under 75
2002,North,Male,55727,10974881,50.776860359579295,50.35527154152636,51.19844917763223,Under 75
2002,South,Female,32193,11945075,26.95085631525964,26.656449462094407,27.24526316842487,Under 75
2002,South,Male,48850,11923639,40.969036382265514,40.60572455467338,41.33234820985765,Under 75
2003,North,Female,36778,11129884,33.0443695549747,32.70664744991394,33.382091660035464,Under 75
2003,North,Male,55199,11027505,50.055746970869656,49.63816242957645,50.473331512162865,Under 75
2003,South,Female,32216,12007048,26.830907980046383,26.537916067386274,27.123899892706493,Under 75
2003,South,Male,47959,11984471,40.01761946772619,39.65946344220366,40.375775493248725,Under 75
2004,North,Female,35509,11171102,31.786479077892224,31.455858961015018,32.11709919476943,Under 75
2004,North,Male,53198,11092915,47.9567363492824,47.54920779979516,48.36426489876964,Under 75
2004,South,Female,30802,12086133,25.485405464262225,25.200790218061503,25.770020710462948,Under 75
2004,South,Male,45970,12041337,38.17682371982447,37.82782919621723,38.52581824343171,Under 75
2005,North,Female,34890,11228522,31.072655866907507,30.746606049119475,31.39870568469554,Under 75
2005,North,Male,52525,11170552,47.02095294843084,46.618824806378825,47.42308109048285,Under 75
2005,South,Female,30258,12216672,24.767792734387893,24.48871623498044,25.046869233795345,Under 75
2005,South,Male,45003,12148426,37.044305163483735,36.7020446546741,37.38656567229337,Under 75
2006,North,Female,34420,11281006,30.51146325070654,30.189123642177183,30.8338028592359,Under 75
2006,North,Male,51270,11229413,45.65688340076191,45.26167089798892,46.052095903534905,Under 75
2006,South,Female,29519,12317392,23.96530044671794,23.691906982003545,24.238693911432335,Under 75
2006,South,Male,44501,12247148,36.335806507768176,35.99820374623535,36.673409269301004,Under 75
2007,North,Female,34124,11337948,30.09715691058029,29.777818192793468,30.41649562836711,Under 75
2007,North,Male,50434,11292387,44.6619479123413,44.2721567169648,45.05173910771779,Under 75
2007,South,Female,29175,12439200,23.454080648273198,23.184946346461377,23.72321495008502,Under 75
2007,South,Male,43646,12373057,35.27503348606573,34.94409194730173,35.60597502482973,Under 75
2008,North,Female,34307,11401801,30.08910609823834,29.770705418813407,30.407506777663272,Under 75
2008,North,Male,50869,11363527,44.76515081981149,44.37613297519562,45.15416866442736,Under 75
2008,South,Female,29331,12568025,23.337795715715078,23.070708887673252,23.604882543756904,Under 75
2008,South,Male,43388,12506367,34.692728911601584,34.366284139311944,35.019173683891225,Under 75
2009,North,Female,33088,11453069,28.890073045050197,28.57877997491477,29.201366115185625,Under 75
2009,North,Male,49314,11415581,43.198852515697624,42.817573269126555,43.58013176226869,Under 75
2009,South,Female,28585,12690923,22.52397244865484,22.262857364769133,22.785087532540544,Under 75
2009,South,Male,42866,12624296,33.955160747181466,33.633716703798285,34.27660479056465,Under 75
2010,North,Female,32910,11506829,28.600407636195865,28.291403456912878,28.90941181547885,Under 75
2010,North,Male,48567,11481734,42.299360009559535,41.923159630333586,42.675560388785485,Under 75
2010,South,Female,28572,12818923,22.28892396030462,22.030474962021618,22.54737295858762,Under 75
2010,South,Male,42775,12761815,33.517959631917556,33.20031710971601,33.8356021541191,Under 75
2011,North,Female,32507,11561936,28.11553359229804,27.809890942675885,28.421176241920193,Under 75
2011,North,Male,47824,11547563,41.41479894935408,41.043615434517434,41.785982464190724,Under 75
2011,South,Female,28043,12949803,21.65515568074665,21.401698181465008,21.90861318002829,Under 75
2011,South,Male,41292,12910371,31.98358900762805,31.675092460086137,32.29208555516997,Under 75
2012,North,Female,32435,11606887,27.94461598531975,27.64049438568535,28.24873758495415,Under 75
2012,North,Male,46841,11584000,40.43594613259669,40.06975265758843,40.80213960760495,Under 75
2012,South,Female,28287,13095098,21.601212911885042,21.3494795570446,21.852946266725485,Under 75
2012,South,Male,41145,13014788,31.614037816059703,31.308561526757785,31.91951410536162,Under 75
2013,North,Female,32237,11656743,27.655237831013345,27.35334266476839,27.9571329972583,Under 75
2013,North,Male,47274,11625598,40.66371467515047,40.29714887364831,41.030280476652635,Under 75
2013,South,Female,28563,13245439,21.564404169616424,21.314316877356717,21.81449146187613,Under 75
2013,South,Male,41893,13122312,31.925014433432157,31.61929964832409,32.23072921854022,Under 75
2014,North,Female,32666,11710628,27.89431958730138,27.591820641958563,28.196818532644194,Under 75
2014,North,Male,47883,11671524,41.02549075853334,40.65802305090977,41.392958466156905,Under 75
2014,South,Female,28489,13391204,21.27441266670271,21.027368247287882,21.521457086117536,Under 75
2014,South,Male,41453,13242003,31.30417656603763,31.002820198323217,31.60553293375204,Under 75
2015,North,Female,33399,11772135,28.371234274836297,28.06695836521125,28.675510184461345,Under 75
2015,North,Male,48259,11730615,41.13936055356007,40.772311212173335,41.5064098949468,Under 75
2015,South,Female,29192,13537434,21.563909378985706,21.31653675021142,21.811282007759992,Under 75
2015,South,Male,42989,13370739,32.151551234378296,31.847617202441917,32.455485266314675,Under 75
2016,North,Female,34396,11862489,28.99560117611068,28.689169103393517,29.30203324882784,Under 75
2016,North,Male,49055,11815228,41.51845398159054,41.151040062819384,41.885867900361696,Under 75
2016,South,Female,30139,13693166,22.010249492338,21.761755085760186,22.258743898915817,Under 75
2016,South,Male,43611,13484910,32.340594041784485,32.03706095277596,32.64412713079301,Under 75
2017,North,Female,33903,11936492,28.402817176101653,28.10047521560815,28.705159136595157,Under 75
2017,North,Male,49514,11869611,41.71493067464469,41.34749307833623,42.082368270953154,Under 75
2017,South,Female,29847,13781146,21.65785051547963,21.412141506427975,21.903559524531286,Under 75
2017,South,Male,43998,13540034,32.494748536081964,32.191112869847196,32.79838420231673,Under 75
2018,North,Female,35047,11994753,29.218609170192998,28.912701626817878,29.52451671356812,Under 75
2018,North,Male,50581,11903243,42.49346165578574,42.12313542292954,42.86378788864193,Under 75
2018,South,Female,30227,13861704,21.806121383056514,21.560290198640267,22.05195256747276,Under 75
2018,South,Male,44812,13584186,32.988358669411625,32.68292309702446,33.29379424179879,Under 75
2019,North,Female,34145,12039443,28.360946598609253,28.060122076843076,28.66177112037543,Under 75
2019,North,Male,49895,11926460,41.8355488552345,41.46845845376565,42.20263925670335,Under 75
2019,South,Female,30031,13923874,21.567991781597566,21.324052981226878,21.811930581968255,Under 75
2019,South,Male,43669,13621101,32.05981660366515,31.759118643792142,32.36051456353815,Under 75
2020,North,Female,38222,12057290,31.70032403632989,31.38251732165511,32.01813075100466,Under 75
2020,North,Male,57055,11919158,47.86831418796529,47.475526967453476,48.2611014084771,Under 75
2020,South,Female,32593,13942125,23.377354599818894,23.12355597327849,23.6311532263593,Under 75
2020,South,Male,49730,13611864,36.53430566159051,36.21320019462673,36.85541112855429,Under 75
2021,North,Female,38962,12106661,32.18228378576058,31.862723860796454,32.50184371072471,Under 75
2021,North,Male,57353,11942137,48.025742796285115,47.63268891230123,48.418796680269004,Under 75
2021,South,Female,33453,13981233,23.927074243022773,23.67066827276508,24.183480213280465,Under 75
2021,South,Male,50788,13623429,37.279894804751436,36.95566704608414,37.604122563418734,Under 75
2022,North,Female,36979,12200155,30.31027064820078,30.001334800993934,30.619206495407628,Under 75
2022,North,Male,54016,12051962,44.81925847426336,44.44128656189503,45.19723038663168,Under 75
2022,South,Female,31356,14064000,22.295221843003414,22.048443217199555,22.542000468807274,Under 75
2022,South,Male,46690,13681547,34.126257798186124,33.81670637745435,34.435809218917896,Under 75
2023,North,Female,36789,12337934,29.817796075096528,29.513095958696834,30.12249619149622,Under 75
2023,North,Male,54299,12208331,44.47700508775524,44.10289821094369,44.85111196456678,Under 75
2023,South,Female,31147,14229447,21.889114875651877,21.646019800607775,22.13220995069598,Under 75
2023,South,Male,46623,13844914,33.67518209213868,33.369502872106246,33.98086131217111,Under 75
2024,North,Female,35584,12464812,28.547562530425648,28.25094438070689,28.844180680144405,Under 75
2024,North,Male,52529,12353298,42.522247904972424,42.158607008403294,42.885888801541554,Under 75
2024,South,Female,30532,14357649,21.265319969864144,21.02678592852098,21.50385401120731,Under 75
2024,South,Male,45451,13983200,32.504004805766925,32.20517685030864,32.80283276122521,Under 75
1981,North,Persons,142810,22234336,64.22948722192558,63.89635916120833,64.56261528264282,Under 75
1981,South,Persons,123015,21825775,56.362259759389985,56.04729248441074,56.67722703436923,Under 75
1982,North,Persons,142603,22135290,64.42337100620773,64.08899493842313,64.75774707399233,Under 75
1982,South,Persons,120318,21810422,55.16537002356029,54.85365530820915,55.47708473891144,Under 75
1983,North,Persons,139205,22068952,63.07730425984885,62.74594296502036,63.40866555467734,Under 75
1983,South,Persons,118367,21836168,54.20685534201788,53.898042775559134,54.51566790847663,Under 75
1984,North,Persons,134662,22009457,61.183699352510146,60.85690896495367,61.510489740066625,Under 75
1984,South,Persons,114824,21916023,52.39271741957928,52.089669951603696,52.69576488755486,Under 75
1985,North,Persons,136041,21980155,61.89264816376409,61.56375092415687,62.221545403371316,Under 75
1985,South,Persons,114893,22022134,52.171601535073755,51.86992366356676,52.47327940658075,Under 75
1986,North,Persons,132271,21944217,60.27601713927637,59.951178037759696,60.60085624079304,Under 75
1986,South,Persons,112509,22135195,50.828104292733805,50.531097520930594,51.125111064537016,Under 75
1987,North,Persons,128533,21925787,58.62184103129343,58.301355665948286,58.94232639663857,Under 75
1987,South,Persons,109293,22205946,49.21789866551959,48.9261002256554,49.509697105383786,Under 75
1988,North,Persons,127500,21923573,58.156578765696636,57.83735160961346,58.475805921779816,Under 75
1988,South,Persons,106703,22259076,47.93685056828055,47.649218533208234,48.22448260335286,Under 75
1989,North,Persons,124258,21961501,56.579921381512136,56.26532318295044,56.89451958007383,Under 75
1989,South,Persons,103735,22294335,46.52975744735154,46.246602467259535,46.81291242744355,Under 75
1990,North,Persons,120938,21978021,55.02679244869226,54.71665880725458,55.33692609012994,Under 75
1990,South,Persons,101775,22382556,45.47067814775042,45.19131639481871,45.750039900682125,Under 75
1991,North,Persons,119681,22024813,54.33916737454252,54.031305119455325,54.647029629629714,Under 75
1991,South,Persons,99909,22485272,44.43308490998018,44.15756040430182,44.70860941565854,Under 75
1992,North,Persons,116694,22072241,52.869121898406235,52.565778948870786,53.17246484794168,Under 75
1992,South,Persons,98003,22559081,43.442815777823576,43.17082489112053,43.71480666452662,Under 75
1993,North,Persons,118857,22125528,53.719395984583954,53.413991921867144,54.024800047300765,Under 75
1993,South,Persons,99256,22640314,43.840381365735475,43.56763937244298,44.113123359027966,Under 75
1994,North,Persons,113863,22150422,51.40443825404319,51.1058550474156,51.70302146067078,Under 75
1994,South,Persons,96390,22772826,42.326762607328575,42.05955111429732,42.59397410035983,Under 75
1995,North,Persons,112086,22105984,50.70391799795024,50.407078351659905,51.00075764424058,Under 75
1995,South,Persons,96111,22858803,42.045508682147535,41.779687775777894,42.311329588517175,Under 75
1996,North,Persons,108940,22061277,49.38064102091642,49.087403790373145,49.6738782514597,Under 75
1996,South,Persons,93223,22956666,40.60824860195291,40.347567953224875,40.86892925068094,Under 75
1997,North,Persons,105766,22012989,48.04708710843403,47.75751942299404,48.33665479387402,Under 75
1997,South,Persons,90054,23090432,39.000569586571615,38.745842272007756,39.25529690113547,Under 75
1998,North,Persons,103958,21999961,47.25372013159478,46.96646809381335,47.54097216937622,Under 75
1998,South,Persons,88095,23207145,37.96029197042549,37.70961756960246,38.21096637124852,Under 75
1999,North,Persons,101409,21973490,46.15061148684164,45.866561168060734,46.43466180562255,Under 75
1999,South,Persons,86192,23413486,36.81297180607792,36.56720486139235,37.05873875076349,Under 75
2000,North,Persons,97046,21964663,44.18278577731878,43.904801427231284,44.46077012740627,Under 75
2000,South,Persons,84531,23591989,35.83038293210462,35.58883711692956,36.07192874727968,Under 75
2001,North,Persons,93942,21986023,42.728055001125036,42.45481813575289,43.00129186649718,Under 75
2001,South,Persons,82305,23741197,34.66758647426244,34.430740193534525,34.90443275499036,Under 75
2002,North,Persons,92752,22056329,42.05232883495708,41.781693510664496,42.322964159249665,Under 75
2002,South,Persons,81043,23868714,33.953651629492896,33.719883767313284,34.18741949167251,Under 75
2003,North,Persons,91977,22157389,41.510757427240186,41.24248433875074,41.77903051572963,Under 75
2003,South,Persons,80175,23991519,33.41805910663681,33.18673664252652,33.6493815707471,Under 75
2004,North,Persons,88707,22264017,39.84321427710013,39.581014998526435,40.10541355567383,Under 75
2004,South,Persons,76772,24127470,31.819332901460452,31.594248336582357,32.04441746633855,Under 75
2005,North,Persons,87415,22399074,39.02616688529177,38.76745344699385,39.2848803235897,Under 75
2005,South,Persons,75261,24365098,30.888855854386467,30.66817081067708,31.109540898095855,Under 75
2006,North,Persons,85690,22510419,38.06681697039935,37.811935910807065,38.32169802999164,Under 75
2006,South,Persons,74020,24564540,30.132866318685387,29.91578523753844,30.349947399832335,Under 75
2007,North,Persons,84558,22630335,37.364890974879515,37.113040693975854,37.616741255783175,Under 75
2007,South,Persons,72821,24812257,29.348801279948052,29.135635189683228,29.561967370212876,Under 75
2008,North,Persons,85176,22765328,37.41479147587946,37.1635213947763,37.66606155698262,Under 75
2008,South,Persons,72719,25074392,29.001301407427945,28.7905115989475,29.21209121590839,Under 75
2009,North,Persons,82402,22868650,36.032734770089185,35.78670683593353,36.27876270424484,Under 75
2009,South,Persons,71451,25315219,28.224523753873115,28.017567507781482,28.431479999964747,Under 75
2010,North,Persons,81477,22988563,35.44240673068604,35.19903968975425,35.685773771617825,Under 75
2010,South,Persons,71347,25580738,27.890907603994847,27.68624859821765,28.095566609772046,Under 75
2011,North,Persons,80331,23109499,34.76103051822975,34.52064564917362,35.00141538728588,Under 75
2011,South,Persons,69335,25860174,26.811497865404927,26.611925277665502,27.011070453144352,Under 75
2012,North,Persons,79276,23190887,34.184117235360596,33.946154158290035,34.422080312431156,Under 75
2012,South,Persons,69432,26109886,26.59222640803564,26.394424291929926,26.790028524141352,Under 75
2013,North,Persons,79511,23282341,34.1507754739955,33.91339607093265,34.388154877058355,Under 75
2013,South,Persons,70456,26367751,26.720519319224458,26.52321255506617,26.917826083382746,Under 75
2014,North,Persons,80549,23382152,34.44892497491249,34.21102101632433,34.68682893350064,Under 75
2014,South,Persons,69942,26633207,26.261200913581302,26.066574567065008,26.455827260097596,Under 75
2015,North,Persons,81658,23502750,34.74401931688845,34.5057123386615,34.98232629511539,Under 75
2015,South,Persons,72181,26908173,26.824935308688552,26.629238696509194,27.02063192086791,Under 75
2016,North,Persons,83451,23677717,35.2445296985347,35.005400824749614,35.48365857231978,Under 75
2016,South,Persons,73750,27178076,27.13584287570614,26.939995221122786,27.331690530289492,Under 75
2017,North,Persons,83417,23806103,35.04017436201129,34.802383562825185,35.2779651611974,Under 75
2017,South,Persons,73845,27321180,27.028481200299545,26.833533926526133,27.223428474072957,Under 75
2018,North,Persons,85628,23897996,35.83061943771352,35.59062427544832,36.070614599978725,Under 75
2018,South,Persons,75039,27445890,27.340705657568403,27.145081595851085,27.53632971928572,Under 75
2019,North,Persons,84040,23965903,35.06648591542743,34.82940025034627,35.30357158050859,Under 75
2019,South,Persons,73700,27544975,26.756241383410224,26.56306793494947,26.94941483187098,Under 75
2020,North,Persons,95277,23976448,39.737745974716525,39.48541808037739,39.99007386905566,Under 75
2020,South,Persons,82323,27553989,29.876980788516683,29.672885873296504,30.08107570373686,Under 75
2021,North,Persons,96315,24048798,40.049818706115786,39.79688327970011,40.30275413253146,Under 75
2021,South,Persons,84241,27604662,30.516946738924027,30.31086695312153,30.723026524726524,Under 75
2022,North,Persons,90995,24252117,37.52043584483779,37.27664624119545,37.76422544848013,Under 75
2022,South,Persons,78046,27745547,28.129198534092694,27.931848091437015,28.326548976748374,Under 75
2023,North,Persons,91088,24546265,37.10870065160626,36.867709422842196,37.34969188037033,Under 75
2023,South,Persons,77770,28074361,27.70143192217269,27.506738068793535,27.896125775551848,Under 75
2024,North,Persons,88113,24818110,35.50350933249953,35.26908247804131,35.737936186957754,Under 75
2024,South,Persons,75983,28340849,26.810417711904112,26.619783240957073,27.00105218285115,Under 75
1981,North,Female,4591,3678054,12.482144090326026,12.121073915191996,12.843214265460055,25-49
1981,North,Male,7273,3760676,19.3396080917367,18.895133492904076,19.784082690569324,25-49
1981,South,Female,4112,3732626,11.016372923512831,10.679653516831449,11.353092330194213,25-49
1981,South,Male,6303,3764710,16.742325438081554,16.328994230098957,17.155656646064152,25-49
1982,North,Female,4460,3690650,12.084592145015106,11.729925260863583,12.43925902916663,25-49
1982,North,Male,7165,3764214,19.034518228772328,18.593770723157963,19.475265734386692,25-49
1982,South,Female,4032,3760490,10.722006972495606,10.391049725773827,11.052964219217385,25-49
1982,South,Male,6133,3782920,16.21234390365115,15.806587486881188,16.61810032042111,25-49
1983,North,Female,4368,3716100,11.754258496811172,11.405672454260731,12.102844539361612,25-49
1983,North,Male,7064,3784992,18.66318343605482,18.227955813662767,19.09841105844687,25-49
1983,South,Female,3949,3805666,10.376633156982248,10.052988107805621,10.700278206158874,25-49
1983,South,Male,6223,3828441,16.25465822772246,15.850795277694754,16.658521177750163,25-49
1984,North,Female,4299,3753447,11.453471968566493,11.111091086813165,11.795852850319822,25-49
1984,North,Male,6957,3819874,18.212642615960632,17.784667975991816,18.64061725592945,25-49
1984,South,Female,3892,3865882,10.067560261797954,9.751264120709891,10.383856402886018,25-49
1984,South,Male,6160,3895450,15.813320668985611,15.418419160139308,16.208222177831914,25-49
1985,North,Female,4330,3795950,11.406894189860246,11.067128488018339,11.746659891702153,25-49
1985,North,Male,6878,3854978,17.84186576421448,17.42020299831993,18.263528530109028,25-49
1985,South,Female,3897,3933720,9.906653244257345,9.5956121075356,10.217694380979092,25-49
1985,South,Male,6193,3959520,15.64078474158484,15.251233968666138,16.03033551450354,25-49
1986,North,Female,4357,3841670,11.34142182956891,11.004654622513748,11.678189036624072,25-49
1986,North,Male,6867,3890835,17.64916785214485,17.231725238291695,18.066610465998004,25-49
1986,South,Female,3927,4012185,9.787684266802254,9.481554491964545,10.093814041639963,25-49
1986,South,Male,6330,4026373,15.72134524049312,15.334048429287645,16.108642051698595,25-49
1987,North,Female,4269,3892735,10.966582621216189,10.637606550675732,11.295558691756645,25-49
1987,North,Male,6774,3930005,17.236619291832962,16.826145375862247,17.647093207803678,25-49
1987,South,Female,4104,4086091,10.043829175610625,9.736536850882938,10.351121500338312,25-49
1987,South,Male,6285,4093376,15.354074485217092,14.974473725043211,15.733675245390973,25-49
1988,North,Female,4339,3942724,11.005081765804556,10.677624583931983,11.33253894767713,25-49
1988,North,Male,6963,3971582,17.532056495371368,17.120252329941625,17.94386066080111,25-49
1988,South,Female,4059,4158185,9.761470449246486,9.461165984149863,10.06177491434311,25-49
1988,South,Male,6414,4156956,15.429559514221463,15.0519480929955,15.807170935447425,25-49
1989,North,Female,4318,4002168,10.789152279464531,10.46734039744803,11.110964161481032,25-49
1989,North,Male,6818,4025636,16.936454264618064,16.53443203615476,17.338476493081366,25-49
1989,South,Female,3981,4229062,9.41343494136525,9.121014244326323,9.705855638404175,25-49
1989,South,Male,6680,4225923,15.807197622862509,15.428124735696917,16.186270510028102,25-49
1990,North,Female,4245,4055449,10.467398307807594,10.152510406484181,10.782286209131007,25-49
1990,North,Male,7029,4069861,17.27086011045586,16.86710013417463,17.67462008673709,25-49
1990,South,Female,4085,4316903,9.462802384023918,9.172614141987452,9.752990626060384,25-49
1990,South,Male,6889,4309037,15.987330811965645,15.609798662671034,16.364862961260254,25-49
1991,North,Female,4204,4116086,10.213586402227747,9.904839232690504,10.52233357176499,25-49
1991,North,Male,6965,4114557,16.927703274009815,16.530151634675963,17.325254913343667,25-49
1991,South,Female,4050,4415611,9.172003602672428,8.889520303755683,9.454486901589172,25-49
1991,South,Male,7109,4391331,16.188713626916304,15.81238768713601,16.565039566696598,25-49
1992,North,Female,4371,4164790,10.495127005203143,10.18398878248278,10.806265227923506,25-49
1992,North,Male,6973,4157521,16.77201389962913,16.378344686272168,17.16568311298609,25-49
1992,South,Female,4000,4479432,8.92970358741912,8.652969206188194,9.206437968650045,25-49
1992,South,Male,7113,4446333,15.99745228258882,15.6256770188122,16.369227546365444,25-49
1993,North,Female,4256,4199170,10.13533626883408,9.830831972952863,10.439840564715295,25-49
1993,North,Male,7071,4185694,16.89325593318575,16.49949827413859,17.28701359223291,25-49
1993,South,Female,4231,4521760,9.356976044725949,9.07502735783252,9.638924731619378,25-49
1993,South,Male,7046,4478114,15.734302431782666,15.366908274402936,16.101696589162398,25-49
1994,North,Female,4379,4225637,10.362934629737481,10.055996136129357,10.669873123345605,25-49
1994,North,Male,6886,4201159,16.390715038397737,16.003572884396704,16.77785719239877,25-49
1994,South,Female,4269,4570909,9.33949899243236,9.059332254491329,9.61966573037339,25-49
1994,South,Male,7065,4512283,15.657262631798583,15.292159276048968,16.022365987548195,25-49
1995,North,Female,4421,4238842,10.429735290912,10.122289111871936,10.737181469952063,25-49
1995,North,Male,7155,4218640,16.960442227826977,16.567445961648087,17.353438494005868,25-49
1995,South,Female,4260,4609837,9.241107657385717,8.963599788979279,9.518615525792155,25-49
1995,South,Male,7378,4553686,16.202259005122443,15.83254805278954,16.571969957455345,25-49
1996,North,Female,4392,4258896,10.31253169835563,10.007538466395697,10.617524930315561,25-49
1996,North,Male,7196,4234989,16.991779671682735,16.59918051528843,17.38437882807704,25-49
1996,South,Female,4244,4647536,9.131720550416393,8.856981118159743,9.406459982673043,25-49
1996,South,Male,7346,4591793,15.998107928645737,15.632261153053339,16.363954704238136,25-49
1997,North,Female,4254,4233409,10.048639288100913,9.746668741301624,10.350609834900203,25-49
1997,North,Male,7124,4201179,16.95714464915682,16.563370827301785,17.350918471011855,25-49
1997,South,Female,4166,4643876,8.970954435475884,8.698536881314785,9.243371989636982,25-49
1997,South,Male,6763,4584149,14.753010864175662,14.401396150826265,15.10462557752506,25-49
1998,North,Female,4316,4213174,10.244058280052046,9.938434323357285,10.549682236746808,25-49
1998,North,Male,7190,4175939,17.21768445372406,16.81969975926974,17.615669148178384,25-49
1998,South,Female,4005,4643294,8.625342267795233,8.358207048950149,8.892477486640317,25-49
1998,South,Male,6964,4579142,15.208089200990054,14.850897515314012,15.565280886666097,25-49
1999,North,Female,4256,4184828,10.17007150592569,9.864523630568442,10.47561938128294,25-49
1999,North,Male,7280,4131358,17.621324513634498,17.216535300449923,18.026113726819073,25-49
1999,South,Female,4027,4679408,8.60578945028944,8.339988840495362,8.871590060083516,25-49
1999,South,Male,6639,4630335,14.338055453871048,13.99315402565068,14.682956882091416,25-49
2000,North,Female,4205,4169641,10.084801065607326,9.779983207568497,10.389618923646156,25-49
2000,North,Male,7211,4103472,17.572923612004665,17.16731950414943,17.9785277198599,25-49
2000,South,Female,4118,4720740,8.723208649491394,8.456774946589022,8.989642352393766,25-49
2000,South,Male,6742,4683270,14.39592421534526,14.052286162928004,14.739562267762517,25-49
2001,North,Female,4146,4157623,9.972044122326627,9.668497353774208,10.275590890879046,25-49
2001,North,Male,7219,4082376,17.683329512029268,17.275403321101365,18.09125570295717,25-49
2001,South,Female,4069,4735951,8.591727405963448,8.327734220811985,8.8557205911149115,25-49
2001,South,Male,6766,4730932,14.301621752331254,13.96084076070888,14.642402743953628,25-49
2002,North,Female,4168,4151804,10.03900954862031,9.73423192147341,10.34378717576721,25-49
2002,North,Male,7170,4071433,17.610507160500983,17.20287507877612,18.018139242225846,25-49
2002,South,Female,4044,4747289,8.51854605860313,8.255993669925331,8.781098447280929,25-49
2002,South,Male,6883,4752846,14.48184940139024,14.139719357213634,14.823979445566847,25-49
2003,North,Female,4195,4149843,10.108816164852502,9.802908479835656,10.414723849869349,25-49
2003,North,Male,7159,4071506,17.583174383139802,17.175862412947264,17.99048635333234,25-49
2003,South,Female,4112,4757354,8.643460209183509,8.37926973437682,8.907650683990198,25-49
2003,South,Male,6691,4766328,14.038060326523897,13.701690012377256,14.374430640670539,25-49
2004,North,Female,4161,4154668,10.0152406883053,9.710929020476962,10.319552356133636,25-49
2004,North,Male,7035,4080733,17.239549855381373,16.836693757134906,17.64240595362784,25-49
2004,South,Female,3934,4783158,8.224691720407312,7.967676689836206,8.481706750978418,25-49
2004,South,Male,6509,4772914,13.637371215990902,13.306064989522135,13.968677442459668,25-49
2005,North,Female,4151,4179987,9.930652894375031,9.628548176929973,10.23275761182009,25-49
2005,North,Male,7065,4117386,17.15894501997141,16.758824733607213,17.559065306335604,25-49
2005,South,Female,3899,4845245,8.04706469951468,7.794474237724876,8.299655161304482,25-49
2005,South,Male,6548,4823971,13.573879279125018,13.245099031355519,13.902659526894517,25-49
2006,North,Female,4181,4198966,9.957213275839814,9.65538925731486,10.259037294364768,25-49
2006,North,Male,7110,4139269,17.17694597765934,16.77767548030039,17.576216475018292,25-49
2006,South,Female,3804,4890408,7.7784921012725325,7.531301910741075,8.02568229180399,25-49
2006,South,Male,6373,4861845,13.108192466028843,12.786362172335124,13.430022759722561,25-49
2007,North,Female,4105,4212940,9.743789372742077,9.445713119863118,10.041865625621035,25-49
2007,North,Male,6855,4154244,16.50119732976686,16.11056534554431,16.891829313989412,25-49
2007,South,Female,3829,4933044,7.761941713878895,7.516084041669737,8.007799386088053,25-49
2007,South,Male,6412,4896844,13.094147985927263,12.773641694204933,13.414654277649593,25-49
2008,North,Female,4161,4220903,9.858080131194676,9.558543764603684,10.157616497785668,25-49
2008,North,Male,7195,4169951,17.254399392223075,16.85570464052871,17.65309414391744,25-49
2008,South,Female,3944,4967036,7.9403491337691134,7.6925343468620655,8.18816392067616,25-49
2008,South,Male,6529,4941585,13.212360001902223,12.891870996296849,13.532849007507597,25-49
2009,North,Female,4117,4222911,9.749199071446213,9.451392294570688,10.047005848321739,25-49
2009,North,Male,7074,4171861,16.956461396964087,16.561314324130205,17.35160846979797,25-49
2009,South,Female,3767,5001763,7.531344447947654,7.29083575846523,7.771853137430078,25-49
2009,South,Male,6498,4972473,13.067944260330826,12.750203089713464,13.385685430948188,25-49
2010,North,Female,3986,4226447,9.43108951798047,9.138304202365509,9.72387483359543,25-49
2010,North,Male,6735,4173080,16.139158607071995,15.75370850860204,16.524608705541947,25-49
2010,South,Female,3792,5041213,7.521999169644291,7.282582057421913,7.761416281866668,25-49
2010,South,Male,6235,4995082,12.482277568216096,12.172441710220978,12.792113426211214,25-49
2011,North,Female,3959,4218406,9.385061561167891,9.092713346370083,9.6774097759657,25-49
2011,North,Male,6577,4167778,15.780591000768275,15.399204414506118,16.161977587030435,25-49
2011,South,Female,3656,5069021,7.212438062497669,6.978643140303827,7.446232984691511,25-49
2011,South,Male,5813,5027103,11.563319868321773,11.266058515931832,11.860581220711715,25-49
2012,North,Female,3740,4207081,8.889774168835826,8.604861999958787,9.174686337712865,25-49
2012,North,Male,6355,4142040,15.342681384052304,14.965457171866534,15.719905596238073,25-49
2012,South,Female,3565,5106052,6.9819108775233785,6.752718270260348,7.211103484786409,25-49
2012,South,Male,5525,5034808,10.973606143471608,10.684245608325638,11.262966678617579,25-49
2013,North,Female,3817,4202862,9.081906567477114,8.793787486349624,9.370025648604605,25-49
2013,North,Male,6441,4127990,15.603235472954148,15.222174840100122,15.984296105808175,25-49
2013,South,Female,3596,5141066,6.994658306273446,6.766039088958537,7.223277523588355,25-49
2013,South,Male,5833,5042066,11.568670461671863,11.271781853767603,11.865559069576122,25-49
2014,North,Female,3971,4195225,9.465523303279323,9.17111452379113,9.759932082767515,25-49
2014,North,Male,6581,4111901,16.00476276058203,15.618075943013027,16.39144957815103,25-49
2014,South,Female,3602,5175500,6.959714037291083,6.732426505398726,7.18700156918344,25-49
2014,South,Male,5691,5054117,11.260127139913855,10.967573791769498,11.552680488058213,25-49
2015,North,Female,3901,4192299,9.305156907940011,9.0131508932882,9.597162922591822,25-49
2015,North,Male,6492,4107049,15.806969919277806,15.422453010189768,16.191486828365846,25-49
2015,South,Female,3551,5211669,6.813556271513022,6.589449704850699,7.037662838175345,25-49
2015,South,Male,5657,5071742,11.15395854126649,10.863294031241425,11.444623051291556,25-49
2016,North,Female,3955,4207750,9.399322678391064,9.106382199895725,9.692263156886403,25-49
2016,North,Male,6474,4118897,15.717800178057379,15.334921230881111,16.100679125233647,25-49
2016,South,Female,3601,5252614,6.855634166150415,6.631714547843737,7.079553784457094,25-49
2016,South,Male,5913,5083648,11.631411144123277,11.334938559736235,11.927883728510318,25-49
2017,North,Female,3867,4219590,9.164397488855553,8.875547135625578,9.453247842085528,25-49
2017,North,Male,6554,4114923,15.927394024140913,15.541784655410584,16.31300339287124,25-49
2017,South,Female,3505,5267721,6.6537312815162375,6.43345014038058,6.874012422651895,25-49
2017,South,Male,5691,5072001,11.220423655279248,10.928901857420115,11.511945453138381,25-49
2018,North,Female,4008,4226272,9.483535371126138,9.189931022792333,9.777139719459942,25-49
2018,North,Male,6732,4106636,16.39297955796423,16.00138025056361,16.784578865364853,25-49
2018,South,Female,3557,5284473,6.7310401623775915,6.509834458796955,6.952245865958228,25-49
2018,South,Male,5842,5064275,11.53570846764838,11.239893893469198,11.831523041827563,25-49
2019,North,Female,3842,4233471,9.075295425432229,8.788324325397,9.362266525467458,25-49
2019,North,Male,6510,4098311,15.884592457722217,15.498721890088566,16.270463025355866,25-49
2019,South,Female,3479,5300088,6.564041955529795,6.345919586829541,6.78216432423005,25-49
2019,South,Male,5631,5061350,11.125490234818775,10.83489903068455,11.416081438953,25-49
2020,North,Female,4361,4233968,10.3000306095842,9.994326312499723,10.605734906668676,25-49
2020,North,Male,7177,4079868,17.59125540336109,17.18426756451954,17.998243242202637,25-49
2020,South,Female,3674,5303587,6.927387068412378,6.703382977422972,7.1513911594017845,25-49
2020,South,Male,6113,5038574,12.132400953126817,11.82825949203558,12.436542414218055,25-49
2021,North,Female,4550,4239299,10.73290654893651,10.421040770845194,11.044772327027827,25-49
2021,North,Male,7658,4067742,18.82616940799097,18.404511399985232,19.24782741599671,25-49
2021,South,Female,3781,5298690,7.135726000200049,6.9082734040776055,7.363178596322492,25-49
2021,South,Male,6359,5014435,12.681388830446501,12.369694805041192,12.99308285585181,25-49
2022,North,Female,4187,4287016,9.766700194260997,9.47086322311911,10.062537165402883,25-49
2022,North,Male,7129,4113522,17.330647557008326,16.92834151563054,17.732953598386114,25-49
2022,South,Female,3676,5332349,6.893772331855999,6.670915856956856,7.116628806755142,25-49
2022,South,Male,5854,5022217,11.656206810657524,11.357608767950556,11.954804853364493,25-49
2023,North,Female,4308,4371173,9.85547815197431,9.561174315456405,10.149781988492215,25-49
2023,North,Male,7281,4200355,17.334249128942673,16.936081829266488,17.73241642861886,25-49
2023,South,Female,3689,5424186,6.801020466481053,6.581550132000945,7.020490800961161,25-49
2023,South,Male,5987,5106241,11.724867666841421,11.427865654416738,12.021869679266104,25-49
2024,North,Female,4136,4443735,9.307485707406045,9.023825651403655,9.591145763408434,25-49
2024,North,Male,6952,4282762,16.23251537208932,15.850934134300019,16.614096609878622,25-49
2024,South,Female,3630,5493043,6.60835897334137,6.393379801690768,6.823338144991972,25-49
2024,South,Male,5892,5175680,11.384011376282922,11.093328115476265,11.67469463708958,25-49
1981,North,Persons,11864,7438730,15.948959029296669,15.661965011164943,16.235953047428392,25-49
1981,South,Persons,10415,7497336,13.891600963328841,13.624805319710731,14.158396606946951,25-49
1982,North,Persons,11625,7454864,15.593845843465422,15.310372107662987,15.877319579267857,25-49
1982,South,Persons,10165,7543410,13.475338076546285,13.213373813245571,13.737302339846998,25-49
1983,North,Persons,11432,7501092,15.240447657487737,14.96106934667046,15.519825968305014,25-49
1983,South,Persons,10172,7634107,13.32441371335246,13.065472603945206,13.583354822759713,25-49
1984,North,Persons,11256,7573321,14.862700260559402,14.58812478244242,15.137275738676383,25-49
1984,South,Persons,10052,7761332,12.951385148837854,12.698195439601257,13.204574858074452,25-49
1985,North,Persons,11208,7650928,14.649203338470837,14.37799313939415,14.920413537547525,25-49
1985,South,Persons,10090,7893240,12.783090340595244,12.533661684707,13.032518996483487,25-49
1986,North,Persons,11224,7732505,14.515347872390644,14.246807435667774,14.783888309113513,25-49
1986,South,Persons,10257,8038558,12.759751189205826,12.512813090789791,13.00668928762186,25-49
1987,North,Persons,11043,7822740,14.116537172397395,13.85324332460942,14.379831020185371,25-49
1987,South,Persons,10389,8179467,12.70131660168077,12.457075955719434,12.945557247642105,25-49
1988,North,Persons,11302,7914306,14.280468811794742,14.017186983618217,14.543750639971268,25-49
1988,South,Persons,10473,8315141,12.595096102399227,12.353871274535056,12.836320930263398,25-49
1989,North,Persons,11136,8027804,13.87178859872513,13.614142291683105,14.129434905767155,25-49
1989,South,Persons,10661,8454985,12.609129407089426,12.369774573816784,12.848484240362069,25-49
1990,North,Persons,11274,8125310,13.875162916861019,13.61903604389809,14.131289789823947,25-49
1990,South,Persons,10974,8625940,12.722091737248347,12.484061507213235,12.960121967283458,25-49
1991,North,Persons,11169,8230643,13.57002120004476,13.318352357334915,13.821690042754605,25-49
1991,South,Persons,11159,8806942,12.670686374453243,12.43559127631892,12.905781472587567,25-49
1992,North,Persons,11344,8322311,13.630829225199587,13.379990122136403,13.881668328262771,25-49
1992,South,Persons,11113,8925765,12.450473432809401,12.218986606862284,12.681960258756519,25-49
1993,North,Persons,11327,8384864,13.508865498593657,13.260084332720561,13.757646664466753,25-49
1993,South,Persons,11277,8999874,12.530175422455915,12.298906949763706,12.761443895148124,25-49
1994,North,Persons,11265,8426796,13.368070141961429,13.121205330672431,13.614934953250426,25-49
1994,South,Persons,11334,9083192,12.477992318119005,12.248266830980368,12.707717805257642,25-49
1995,North,Persons,11576,8457482,13.687288959054243,13.437947642512293,13.936630275596192,25-49
1995,South,Persons,11638,9163523,12.70035552919985,12.469610277125032,12.931100781274669,25-49
1996,North,Persons,11588,8493885,13.642755935593664,13.394354593536749,13.89115727765058,25-49
1996,South,Persons,11590,9239329,12.544200991219169,12.315821365268583,12.772580617169755,25-49
1997,North,Persons,11378,8434588,13.48969267971358,13.241821997324156,13.737563362103003,25-49
1997,South,Persons,10929,9228025,11.843270905746355,11.621227683079054,12.065314128413656,25-49
1998,North,Persons,11506,8389113,13.715395179442691,13.46478297775933,13.966007381126051,25-49
1998,South,Persons,10969,9222436,11.893820678180907,11.671236679833115,12.116404676528699,25-49
1999,North,Persons,11536,8316186,13.87174360939017,13.618604352515337,14.124882866265004,25-49
1999,South,Persons,10666,9309743,11.456814651059648,11.239384799784345,11.674244502334952,25-49
2000,North,Persons,11416,8273113,13.798917046098609,13.54578676865341,14.052047323543807,25-49
2000,South,Persons,10860,9404010,11.548265048633509,11.33106600846727,11.765464088799748,25-49
2001,North,Persons,11365,8239999,13.792477401999685,13.538898199071921,14.046056604927449,25-49
2001,South,Persons,10835,9466883,11.44516098910275,11.22965292810396,11.66066905010154,25-49
2002,North,Persons,11338,8223237,13.787757789298787,13.53396370753439,14.041551871063184,25-49
2002,South,Persons,10927,9500135,11.501941814511056,11.286278256407414,11.717605372614699,25-49
2003,North,Persons,11354,8221349,13.810385619197044,13.556354201630452,14.064417036763636,25-49
2003,South,Persons,10803,9523682,11.343301886812265,11.129395686280823,11.557208087343707,25-49
2004,North,Persons,11196,8235401,13.594966413900185,13.343139139233985,13.846793688566384,25-49
2004,South,Persons,10443,9556072,10.92813030291107,10.718531259091323,11.137729346730817,25-49
2005,North,Persons,11216,8297373,13.517531392164726,13.267361836109309,13.767700948220142,25-49
2005,South,Persons,10447,9669216,10.804392000344185,10.597205904534507,11.011578096153864,25-49
2006,North,Persons,11291,8338235,13.54123504554621,13.291460519136802,13.79100957195562,25-49
2006,South,Persons,10177,9752253,10.43553730609737,10.232787242515316,10.638287369679423,25-49
2007,North,Persons,10960,8367184,13.098791660372235,12.853556899779207,13.344026420965264,25-49
2007,South,Persons,10241,9829888,10.41822653523621,10.216446271733036,10.620006798739384,25-49
2008,North,Persons,11356,8390854,13.53378333123184,13.284861722658274,13.782704939805406,25-49
2008,South,Persons,10473,9908621,10.569583799804231,10.367152154029172,10.77201544557929,25-49
2009,North,Persons,11191,8394772,13.33091595578772,13.083924679703284,13.577907231872157,25-49
2009,South,Persons,10265,9974236,10.291515059399035,10.092422097155247,10.490608021642824,25-49
2010,North,Persons,10721,8399527,12.763813962381453,12.522201746205495,13.005426178557412,25-49
2010,South,Persons,10027,10036295,9.990738614199762,9.795183958188046,10.186293270211477,25-49
2011,North,Persons,10536,8386184,12.563521143824175,12.32362152088341,12.80342076676494,25-49
2011,South,Persons,9469,10096124,9.378846773276557,9.189937423268633,9.56775612328448,25-49
2012,North,Persons,10095,8349121,12.091093182144563,11.855225479046362,12.326960885242764,25-49
2012,South,Persons,9090,10140860,8.963736803387484,8.779463158622491,9.148010448152476,25-49
2013,North,Persons,10258,8330852,12.31326639820273,12.07498068761356,12.551552108791899,25-49
2013,South,Persons,9429,10183132,9.259430202809902,9.072530971225024,9.44632943439478,25-49
2014,North,Persons,10552,8307126,12.702347358159729,12.459980817093596,12.944713899225862,25-49
2014,South,Persons,9293,10229617,9.084406581399872,8.89970327663434,9.269109886165404,25-49
2015,North,Persons,10393,8299348,12.522670455558677,12.281911439578666,12.763429471538688,25-49
2015,South,Persons,9208,10283411,8.95422734732668,8.771332473628803,9.137122221024558,25-49
2016,North,Persons,10429,8326647,12.524849438195231,12.28446450058658,12.765234375803882,25-49
2016,South,Persons,9514,10336262,9.20448804413046,9.019529611801797,9.389446476459124,25-49
2017,North,Persons,10421,8334513,12.503430014447156,12.263364078181107,12.743495950713205,25-49
2017,South,Persons,9196,10339722,8.893856140426212,8.71207589290556,9.075636387946865,25-49
2018,North,Persons,10740,8332908,12.888657837096007,12.644898295195466,13.132417378996548,25-49
2018,South,Persons,9399,10348748,9.082258066386387,8.898642674250388,9.265873458522387,25-49
2019,North,Persons,10352,8331782,12.424712984569208,12.185364707907388,12.664061261231028,25-49
2019,South,Persons,9110,10361438,8.792215906711018,8.611666848574336,8.9727649648477,25-49
2020,North,Persons,11538,8313836,13.878070243387047,13.624837485163255,14.131303001610839,25-49
2020,South,Persons,9787,10342161,9.463205997276585,9.27571968313379,9.65069231141938,25-49
2021,North,Persons,12208,8307041,14.695966951409051,14.43527238600422,14.956661516813883,25-49
2021,South,Persons,10140,10313125,9.832131385976608,9.640756578318667,10.023506193634548,25-49
2022,North,Persons,11316,8400538,13.470565813760976,13.222369435404584,13.718762192117367,25-49
2022,South,Persons,9530,10354566,9.203669183237617,9.01888252097282,9.388455845502413,25-49
2023,North,Persons,11589,8571528,13.520343164019298,13.274181281432021,13.766505046606575,25-49
2023,South,Persons,9676,10530427,9.188611250047126,9.00552403468827,9.371698465405983,25-49
2024,North,Persons,11088,8726497,12.706129389605016,12.469623077402694,12.942635701807337,25-49
2024,South,Persons,9522,10668723,8.925154397578792,8.745884355442223,9.10442443971536,25-49
1981,North,Female,2599,4254769,6.108439729630446,5.873593698654846,6.3432857606060455,0-24
1981,North,Male,4410,4441408,9.929283686614696,9.63622493476724,10.222342438462151,0-24
1981,South,Female,2364,4022521,5.876911518920597,5.640002558285804,6.11382047955539,0-24
1981,South,Male,3999,4231846,9.449776764088297,9.156888534815547,9.742664993361046,0-24
1982,North,Female,2559,4218356,6.06634432940226,5.8313009699031015,6.301387688901419,0-24
1982,North,Male,4361,4397868,9.916168470722631,9.621857179133578,10.210479762311685,0-24
1982,South,Female,2246,4011856,5.598406323656681,5.366871877777241,5.829940769536121,0-24
1982,South,Male,3872,4211693,9.193452609200147,8.903873626071377,9.483031592328917,0-24
1983,North,Female,2496,4184991,5.964170532266378,5.7301877862703,6.198153278262455,0-24
1983,North,Male,4093,4359555,9.388572916272418,9.10094251801959,9.676203314525246,0-24
1983,South,Female,2147,4004958,5.360855219954866,5.134091210316033,5.587619229593699,0-24
1983,South,Male,3710,4196237,8.84125467651136,8.556754187407732,9.125755165614988,0-24
1984,North,Female,2328,4143247,5.618781598104096,5.390533727384759,5.847029468823433,0-24
1984,North,Male,3896,4312236,9.034755982743059,8.751053573067137,9.31845839241898,0-24
1984,South,Female,2118,4004159,5.289500242123252,5.064227972385237,5.514772511861268,0-24
1984,South,Male,3657,4190594,8.72668647929148,8.443845088117131,9.00952787046583,0-24
1985,North,Female,2356,4108706,5.734165452578013,5.502618724678351,5.965712180477675,0-24
1985,North,Male,3829,4272920,8.961085159563016,8.677244901672545,9.244925417453487,0-24
1985,South,Female,2130,4011834,5.309292458262232,5.083815110116121,5.534769806408343,0-24
1985,South,Male,3655,4190828,8.721426887479037,8.438678637821681,9.004175137136393,0-24
1986,North,Female,2399,4066248,5.899787715850091,5.663697856926911,6.1358775747732714,0-24
1986,North,Male,3966,4225625,9.385593847064044,9.093487177608859,9.677700516519229,0-24
1986,South,Female,2083,4016087,5.186640628054123,4.9639009467056034,5.409380309402643,0-24
1986,South,Male,3631,4181593,8.683293663443573,8.40085286162897,8.965734465258176,0-24
1987,North,Female,2225,4027808,5.524096481262264,5.294559683345991,5.753633279178537,0-24
1987,North,Male,3874,4182870,9.261583553875688,8.96993386850266,9.553233239248717,0-24
1987,South,Female,2193,3996735,5.486978746401751,5.2573268513526425,5.716630641450859,0-24
1987,South,Male,3664,4160902,8.805782976864151,8.520650742912702,9.0909152108156,0-24
1988,North,Female,2305,3990557,5.776136013092909,5.540328293890308,6.01194373229551,0-24
1988,North,Male,3877,4143474,9.356882654506823,9.062345997111855,9.65141931190179,0-24
1988,South,Female,2146,3969831,5.405771681464526,5.177054436313033,5.63448892661602,0-24
1988,South,Male,3703,4132744,8.960148511497446,8.671549776364586,9.248747246630305,0-24
1989,North,Female,2171,3961338,5.480471497256734,5.249932668162578,5.71101032635089,0-24
1989,North,Male,3769,4108495,9.17367551865099,8.880797770110808,9.466553267191172,0-24
1989,South,Female,2027,3932732,5.154177808200507,4.929795509059846,5.378560107341168,0-24
1989,South,Male,3455,4092107,8.443083233160815,8.161547764621172,8.724618701700457,0-24
1990,North,Female,2136,3925098,5.441902342310943,5.211118079433929,5.672686605187957,0-24
1990,North,Male,3706,4079542,9.084353096499559,8.7918722909558,9.376833902043318,0-24
1990,South,Female,1885,3901014,4.832076993315071,4.61393753030191,5.050216456328232,0-24
1990,South,Male,3420,4063452,8.416489231323515,8.13440813009492,8.69857033255211,0-24
1991,North,Female,2127,3904305,5.447832584800624,5.216308551581944,5.679356618019304,0-24
1991,North,Male,3582,4060301,8.822006053245806,8.533097345299353,9.110914761192259,0-24
1991,South,Female,1785,3878428,4.602380139582325,4.388869536102853,4.815890743061797,0-24
1991,South,Male,3064,4032873,7.597561341505175,7.328540512869389,7.866582170140961,0-24
1992,North,Female,1873,3878793,4.828821749446284,4.610132035319083,5.0475114635734855,0-24
1992,North,Male,3050,4030704,7.566916350096658,7.298366394633704,7.8354663055596125,0-24
1992,South,Female,1617,3851062,4.1988417740353174,3.9941829045844965,4.403500643486138,0-24
1992,South,Male,2771,3994372,6.937260725841258,6.678959881663764,7.195561570018753,0-24
1993,North,Female,1760,3850297,4.5710759455699135,4.357516800141548,4.784635090998279,0-24
1993,North,Male,3026,4001244,7.56264801646688,7.293187276983148,7.832108755950611,0-24
1993,South,Female,1606,3823831,4.19997641109139,3.994562357893708,4.405390464289072,0-24
1993,South,Male,2602,3960575,6.56975312928047,6.317317021291914,6.8221892372690265,0-24
1994,North,Female,1640,3813564,4.3004391692390636,4.092303287982682,4.508575050495445,0-24
1994,North,Male,2895,3965534,7.300403930466868,7.034466984143506,7.56634087679023,0-24
1994,South,Female,1502,3814177,3.937939954018914,3.7387854215724694,4.137094486465359,0-24
1994,South,Male,2420,3941719,6.139453370471107,5.894841181753973,6.38406555918824,0-24
1995,North,Female,1613,3778702,4.2686615668554975,4.060341737290078,4.476981396420917,0-24
1995,North,Male,2737,3931040,6.962534087671456,6.7016869910794545,7.223381184263457,0-24
1995,South,Female,1500,3812326,3.9346058023369457,3.7354872757847426,4.133724328889149,0-24
1995,South,Male,2542,3937906,6.455207412264285,6.204262439730427,6.706152384798142,0-24
1996,North,Female,1557,3736514,4.166985591382771,3.9600030267376507,4.373968156027891,0-24
1996,North,Male,2686,3888897,6.906842737156577,6.6456370461968435,7.16804842811631,0-24
1996,South,Female,1526,3803660,4.011925356104384,3.8106309766390045,4.213219735569763,0-24
1996,South,Male,2483,3935536,6.30917872432116,6.061013718014827,6.557343730627492,0-24
1997,North,Female,1562,3698853,4.222930730147968,4.013505252699017,4.432356207596919,0-24
1997,North,Male,2804,3847979,7.286942054517449,7.017222531641129,7.556661577393769,0-24
1997,South,Female,1494,3812644,3.9185405193875957,3.719837203491478,4.1172438352837135,0-24
1997,South,Male,2393,3946325,6.063869549517589,5.820909665322297,6.306829433712881,0-24
1998,North,Female,1500,3675736,4.080815379559359,3.8742976275073477,4.287333131611371,0-24
1998,North,Male,2601,3821535,6.806165585294914,6.5445953000561286,7.067735870533699,0-24
1998,South,Female,1407,3821280,3.6820123100113054,3.4896170984922246,3.874407521530386,0-24
1998,South,Male,2384,3957187,6.024481531956918,5.782644600754647,6.266318463159189,0-24
1999,North,Female,1524,3670818,4.151663198774769,3.943220972872812,4.360105424676727,0-24
1999,North,Male,2542,3813811,6.66524901207742,6.40613871190499,6.92435931224985,0-24
1999,South,Female,1382,3833577,3.6049882394432147,3.4149215973537794,3.79505488153265,0-24
1999,South,Male,2208,3975870,5.55350149778539,5.321856231275543,5.785146764295236,0-24
2000,North,Female,1558,3661956,4.254556854315016,4.043292281295889,4.465821427334143,0-24
2000,North,Male,2411,3801143,6.342828985912921,6.089642530717795,6.596015441108047,0-24
2000,South,Female,1248,3829750,3.258698348456166,3.0779006326992358,3.4394960642130963,0-24
2000,South,Male,2177,3985405,5.462431045276453,5.232967962165102,5.691894128387805,0-24
2001,North,Female,1391,3666053,3.794271386692991,3.5948733411656395,3.9936694322203428,0-24
2001,North,Male,2262,3803011,5.947918636049173,5.70280086990898,6.193036402189366,0-24
2001,South,Female,1350,3841379,3.5143629410167545,3.3268912064187743,3.7018346756147347,0-24
2001,South,Male,2255,4003829,5.632108663981404,5.39964567179723,5.864571656165578,0-24
2002,North,Female,1350,3687919,3.6606010056077696,3.4653282828667726,3.8558737283487665,0-24
2002,North,Male,2325,3819414,6.087321248757008,5.839880731814538,6.334761765699478,0-24
2002,South,Female,1274,3860624,3.29998466569135,3.1187741988691653,3.4811951325135344,0-24
2002,South,Male,2224,4027385,5.522193681507976,5.292684367645992,5.75170299536996,0-24
2003,North,Female,1446,3715198,3.892120958290783,3.6915083365678503,4.092733580013716,0-24
2003,North,Male,2370,3844169,6.165181603618364,5.91696674697194,6.413396460264788,0-24
2003,South,Female,1357,3889229,3.4891234226629493,3.3034787548147357,3.674768090511163,0-24
2003,South,Male,2091,4050927,5.161781488533365,4.940533836371374,5.383029140695356,0-24
2004,North,Female,1415,3730583,3.7929728409741856,3.5953406959037992,3.990604986044572,0-24
2004,North,Male,2279,3872754,5.884701171311166,5.64309483335044,6.126307509271892,0-24
2004,South,Female,1323,3918270,3.3764901346767835,3.1945445024474197,3.5584357669061473,0-24
2004,South,Male,2045,4078659,5.0139028538546615,4.796590042491847,5.231215665217476,0-24
2005,North,Female,1327,3747172,3.541337307174584,3.3507965421594177,3.73187807218975,0-24
2005,North,Male,2314,3886933,5.953279873874853,5.710713445250751,6.195846302498954,0-24
2005,South,Female,1280,3961268,3.2312885671961604,3.054266735362532,3.408310399029789,0-24
2005,South,Male,2045,4102368,4.984925779452258,4.768868893799813,5.200982665104703,0-24
2006,North,Female,1413,3760250,3.7577288744099464,3.5617945912465583,3.9536631575733345,0-24
2006,North,Male,2294,3897514,5.885803104235161,5.644942875596465,6.126663332873857,0-24
2006,South,Female,1313,3989632,3.2910303506689336,3.1130157617208445,3.4690449396170226,0-24
2006,South,Male,2042,4131173,4.942906046297263,4.728513067699831,5.157299024894694,0-24
2007,North,Female,1330,3773979,3.5241319572790415,3.3347308940697946,3.7135330204882884,0-24
2007,North,Male,2284,3914961,5.834030019711563,5.594766393178547,6.073293646244579,0-24
2007,South,Female,1300,4030918,3.225071807464205,3.0497549069490018,3.4003887079794084,0-24
2007,South,Male,2027,4185809,4.842552538828217,4.631736553659269,5.0533685239971655,0-24
2008,North,Female,1348,3788723,3.5579270376852574,3.3679906548388776,3.7478634205316372,0-24
2008,North,Male,2276,3924379,5.799643714330344,5.561372676124523,6.037914752536165,0-24
2008,South,Female,1279,4075947,3.137921076991433,2.9659470680320164,3.30989508595085,0-24
2008,South,Male,2023,4219026,4.794945563265076,4.585995834856973,5.003895291673178,0-24
2009,North,Female,1337,3794459,3.523558957943675,3.3346850742853555,3.7124328416019945,0-24
2009,North,Male,2125,3927941,5.409959059975697,5.179936420426197,5.6399816995251975,0-24
2009,South,Female,1237,4105720,3.0128698498679887,2.84496950315981,3.180770196576167,0-24
2009,South,Male,1916,4245478,4.5130371656619115,4.31095535291268,4.715118978411143,0-24
2010,North,Female,1260,3800929,3.3149790485431327,3.1319366969252744,3.498021400160991,0-24
2010,North,Male,1885,3945853,4.777167319715154,4.561506701043647,4.992827938386662,0-24
2010,South,Female,1246,4136459,3.0122382453204537,2.844980449772829,3.1794960408680786,0-24
2010,South,Male,1859,4299512,4.323746508906127,4.127194901053293,4.520298116758961,0-24
2011,North,Female,1160,3813699,3.0416663716774712,2.8666258282197115,3.216706915135231,0-24
2011,North,Male,1893,3967409,4.771375978629882,4.5564324351792225,4.986319522080541,0-24
2011,South,Female,1138,4172032,2.7276876112167883,2.569205746863261,2.8861694755703153,0-24
2011,South,Male,1789,4353683,4.109164585478548,3.9187481471397394,4.299581023817357,0-24
2012,North,Female,1130,3815896,2.9612966391117577,2.788633845495871,3.1339594327276443,0-24
2012,North,Male,1791,3975185,4.505450689716327,4.29678717453292,4.714114204899735,0-24
2012,South,Female,1112,4206232,2.643696305862349,2.488309105531769,2.799083506192929,0-24
2012,South,Male,1761,4380359,4.0202184341511735,3.832448504305787,4.207988363996559,0-24
2013,North,Female,1101,3815284,2.885761584196615,2.7153014368253965,3.0562217315678337,0-24
2013,North,Male,1692,3977257,4.254188250847255,4.051479454054098,4.456897047640412,0-24
2013,South,Female,1040,4242777,2.451224752090435,2.302246616433858,2.6002028877470122,0-24
2013,South,Male,1657,4407559,3.7594505257898985,3.5784335974782713,3.9404674541015257,0-24
2014,North,Female,1129,3817109,2.957735815246565,2.7852042824652563,3.1302673480278735,0-24
2014,North,Male,1767,3981754,4.437742763616235,4.2308239779168275,4.644661549315643,0-24
2014,South,Female,1131,4270997,2.6480936418358523,2.4937608873395676,2.802426396332137,0-24
2014,South,Male,1577,4435663,3.555274600437409,3.3798003585156806,3.7307488423591373,0-24
2015,North,Female,1103,3818347,2.88868455381347,2.7182065174557755,3.059162590171164,0-24
2015,North,Male,1806,3985216,4.531749345581268,4.322741263975069,4.740757427187467,0-24
2015,South,Female,1045,4295713,2.432657861453966,2.285162297595396,2.5801534253125356,0-24
2015,South,Male,1612,4466288,3.6092612030393023,3.4330668984903165,3.785455507588288,0-24
2016,North,Female,1169,3826125,3.0553105295828025,2.8801629368895876,3.2304581222760174,0-24
2016,North,Male,1736,3993516,4.347046562477776,4.142554948342466,4.551538176613086,0-24
2016,South,Female,998,4318350,2.3110678847244897,2.16768295650929,2.454452812939689,0-24
2016,South,Male,1557,4484684,3.471816520405897,3.2993644032550797,3.6442686375567144,0-24
2017,North,Female,1020,3828267,2.664390963326226,2.500877341792327,2.827904584860125,0-24
2017,North,Male,1654,3993702,4.141520824538236,3.9419265090934728,4.341115139982999,0-24
2017,South,Female,1031,4312679,2.3906254094032966,2.2446975305062837,2.5365532883003095,0-24
2017,South,Male,1568,4479186,3.500636053068571,3.327363408657208,3.6739086974799338,0-24
2018,North,Female,1063,3830496,2.7750975330609924,2.6082700143358655,2.9419250517861193,0-24
2018,North,Male,1677,3990687,4.202283967647675,4.001154855543875,4.403413079751475,0-24
2018,South,Female,1004,4311332,2.3287466611246828,2.184697258968692,2.4727960632806734,0-24
2018,South,Male,1633,4472989,3.6508026288461695,3.4737300413289347,3.827875216363404,0-24
2019,North,Female,1070,3826194,2.796512670293247,2.628948571984377,2.964076768602117,0-24
2019,North,Male,1625,3984869,4.077925773720541,3.8796504328415167,4.276201114599566,0-24
2019,South,Female,985,4302987,2.2891075432019665,2.1461509622971606,2.4320641241067724,0-24
2019,South,Male,1535,4464795,3.438007792071081,3.2660155974581007,3.6099999866840613,0-24
2020,North,Female,951,3809390,2.496462688251925,2.337794123823425,2.655131252680425,0-24
2020,North,Male,1465,3969146,3.690970299404456,3.501963333928008,3.879977264880904,0-24
2020,South,Female,894,4269338,2.0940014587741707,1.956735043606559,2.2312678739417824,0-24
2020,South,Male,1441,4440344,3.2452440621717598,3.077683640382995,3.4128044839605245,0-24
2021,North,Female,1084,3806134,2.8480342520783557,2.6784886072798146,3.0175798968768968,0-24
2021,North,Male,1704,3964682,4.297948738385576,4.093877167533343,4.502020309237809,0-24
2021,South,Female,934,4255461,2.1948268354474405,2.05406565677244,2.335588014122441,0-24
2021,South,Male,1468,4430665,3.3132723868764624,3.143780004315789,3.4827647694371358,0-24
2022,North,Female,1087,3848757,2.824288465081064,2.656388598278376,2.992188331883752,0-24
2022,North,Male,1724,4032102,4.275685486131056,4.073852013642649,4.477518958619462,0-24
2022,South,Female,928,4294455,2.160926124502411,2.0218918089723306,2.2999604400324913,0-24
2022,South,Male,1529,4481598,3.4117294768517836,3.2407173468026644,3.582741606900903,0-24
2023,North,Female,1120,3898105,2.8731909479093045,2.704919066879236,3.0414628289393733,0-24
2023,North,Male,1828,4101334,4.457086401643953,4.252762567887392,4.661410235400514,0-24
2023,South,Female,919,4344816,2.1151643705970518,1.9784096149213257,2.251919126272778,0-24
2023,South,Male,1561,4545806,3.4339344881853733,3.263582727992918,3.6042862483778286,0-24
2024,North,Female,1145,3948005,2.9001989612475163,2.732209854553124,3.0681880679419087,0-24
2024,North,Male,1765,4165311,4.237378673525218,4.039690361590306,4.43506698546013,0-24
2024,South,Female,959,4381349,2.1888235792218333,2.05028921169386,2.3273579467498067,0-24
2024,South,Male,1574,4596207,3.4245629058917495,3.2553790746467266,3.5937467371367724,0-24
1981,North,Persons,7009,8696177,8.059863546935624,7.871170572423885,8.248556521447362,0-24
1981,South,Persons,6363,8254367,7.708646829005786,7.519236674342653,7.898056983668918,0-24
1982,North,Persons,6920,8616224,8.03136037317507,7.84212943715276,8.220591309197381,0-24
1982,South,Persons,6118,8223549,7.439610319097022,7.2531864474407755,7.626034190753268,0-24
1983,North,Persons,6589,8544546,7.711351779251934,7.525152998452026,7.897550560051841,0-24
1983,South,Persons,5857,8201195,7.141642163123789,6.958740967223684,7.324543359023894,0-24
1984,North,Persons,6224,8455483,7.3609041612407,7.178029959827489,7.54377836265391,0-24
1984,South,Persons,5775,8194753,7.047192270468677,6.8654331561854365,7.228951384751917,0-24
1985,North,Persons,6185,8381626,7.379236439325735,7.195329699643376,7.563143179008093,0-24
1985,South,Persons,5785,8202662,7.052588537721047,6.87084752796192,7.234329547480175,0-24
1986,North,Persons,6365,8291873,7.676190891973382,7.48760785143475,7.864773932512015,0-24
1986,South,Persons,5714,8197680,6.970264757833924,6.789532685684877,7.1509968299829705,0-24
1987,North,Persons,6099,8210678,7.4281320007921385,7.241706049708381,7.614557951875896,0-24
1987,South,Persons,5857,8157637,7.179775221672649,6.995897418172694,7.363653025172605,0-24
1988,North,Persons,6182,8134031,7.600167739709868,7.41070895442984,7.789626524989897,0-24
1988,South,Persons,5849,8102575,7.218692822960602,7.033691930983433,7.403693714937771,0-24
1989,North,Persons,5940,8069833,7.360747118310874,7.173556212222604,7.547938024399143,0-24
1989,South,Persons,5482,8024839,6.831289699394592,6.650451881083675,7.012127517705509,0-24
1990,North,Persons,5842,8004640,7.298267005137021,7.111114759358163,7.485419250915879,0-24
1990,South,Persons,5305,7964466,6.660835767269268,6.481592809060268,6.840078725478269,0-24
1991,North,Persons,5709,7964606,7.167962859681948,6.9820233008300345,7.3539024185338615,0-24
1991,South,Persons,4849,7911301,6.129206814403851,5.956688877833038,6.301724750974664,0-24
1992,North,Persons,4923,7909497,6.224163180035342,6.050294193136337,6.398032166934347,0-24
1992,South,Persons,4388,7845434,5.5930621556436515,5.427571907344367,5.758552403942936,0-24
1993,North,Persons,4786,7851541,6.095618681733943,5.922920599201616,6.26831676426627,0-24
1993,South,Persons,4208,7784406,5.405678994646476,5.242348055890997,5.569009933401955,0-24
1994,North,Persons,4535,7779098,5.829724731581991,5.660050662797292,5.9993988003666905,0-24
1994,South,Persons,3922,7755896,5.0567980798092185,4.898535628166091,5.215060531452346,0-24
1995,North,Persons,4350,7709742,5.642212151846326,5.474540032090471,5.809884271602182,0-24
1995,South,Persons,4042,7750232,5.215327747608072,5.054544971569912,5.376110523646232,0-24
1996,North,Persons,4243,7625411,5.564290239568726,5.396861761050293,5.731718718087159,0-24
1996,South,Persons,4009,7739196,5.1801246537754055,5.019771223823135,5.340478083727676,0-24
1997,North,Persons,4366,7546832,5.785208945952421,5.613602635214902,5.95681525668994,0-24
1997,South,Persons,3887,7758969,5.009686209598208,4.852193909765578,5.167178509430839,0-24
1998,North,Persons,4101,7497271,5.469990347154318,5.302574044409987,5.637406649898649,0-24
1998,South,Persons,3791,7778467,4.873710976725877,4.718565560095223,5.028856393356531,0-24
1999,North,Persons,4066,7484629,5.432466993353979,5.265485061764945,5.5994489249430135,0-24
1999,South,Persons,3590,7809447,4.596996432653938,4.446618879566081,4.747373985741795,0-24
2000,North,Persons,3969,7463099,5.318166086233078,5.152712030216938,5.483620142249219,0-24
2000,South,Persons,3425,7815155,4.382510647581526,4.235736771535494,4.529284523627558,0-24
2001,North,Persons,3653,7469064,4.890840405169911,4.732236189471276,5.049444620868545,0-24
2001,South,Persons,3605,7845208,4.5951617853854225,4.445157300698898,4.745166270071947,0-24
2002,North,Persons,3675,7507333,4.895213786307335,4.736943618460478,5.053483954154192,0-24
2002,South,Persons,3498,7888009,4.434579118761147,4.287619310566519,4.581538926955775,0-24
2003,North,Persons,3816,7559367,5.048041720953619,4.887874063452657,5.208209378454581,0-24
2003,South,Persons,3448,7940156,4.342483951196929,4.197536472676002,4.487431429717856,0-24
2004,North,Persons,3694,7603337,4.85839309766225,4.701717890751997,5.0150683045725035,0-24
2004,South,Persons,3368,7996929,4.211616734373908,4.069377674695113,4.353855794052702,0-24
2005,North,Persons,3641,7634105,4.769386850193965,4.614466567125135,4.924307133262795,0-24
2005,South,Persons,3325,8063636,4.123450016841038,3.983291019798297,4.263609013883778,0-24
2006,North,Persons,3707,7657764,4.8408386573417514,4.685003520598535,4.996673794084968,0-24
2006,South,Persons,3355,8120805,4.131363824152901,3.991565085989154,4.271162562316648,0-24
2007,North,Persons,3614,7688940,4.700257772852955,4.54701370438177,4.853501841324139,0-24
2007,South,Persons,3327,8216727,4.049057489679285,3.9114685214334974,4.186646457925073,0-24
2008,North,Persons,3624,7713102,4.698498736306093,4.545523514617838,4.851473957994348,0-24
2008,South,Persons,3302,8294973,3.9807242289999016,3.844946159650309,4.116502298349494,0-24
2009,North,Persons,3462,7722400,4.48306226043717,4.333725299184828,4.632399221689512,0-24
2009,South,Persons,3153,8351198,3.775506220784132,3.643720220849376,3.9072922207188876,0-24
2010,North,Persons,3145,7746782,4.05975022919194,3.917862427057286,4.201638031326595,0-24
2010,South,Persons,3105,8435971,3.6806669913872394,3.551202164337076,3.810131818437403,0-24
2011,North,Persons,3053,7781108,3.9236057384115473,3.784425354457278,4.062786122365817,0-24
2011,South,Persons,2927,8525715,3.4331431440061038,3.3087671336437636,3.557519154368444,0-24
2012,North,Persons,2921,7791081,3.749158813776933,3.613194751952555,3.885122875601311,0-24
2012,South,Persons,2873,8586591,3.3459145777410386,3.223564821777656,3.4682643337044214,0-24
2013,North,Persons,2793,7792541,3.5841967337740024,3.451269966430828,3.7171235011171766,0-24
2013,South,Persons,2697,8650336,3.117797967616518,3.0001285598233705,3.2354673754096654,0-24
2014,North,Persons,2896,7798863,3.7133618067146457,3.5781159221170347,3.8486076913122567,0-24
2014,South,Persons,2708,8706660,3.1102627184247464,2.993116353737185,3.227409083112308,0-24
2015,North,Persons,2909,7803563,3.727784346714443,3.592316885720448,3.8632518077084383,0-24
2015,South,Persons,2657,8762001,3.032412345079623,2.917107236217091,3.147717453942155,0-24
2016,North,Persons,2905,7819641,3.7150043077425163,3.5799083592850605,3.850100256199972,0-24
2016,South,Persons,2555,8803034,2.9024084196425917,2.789865249485774,3.0149515897994092,0-24
2017,North,Persons,2674,7821969,3.418576575795685,3.2890017354518184,3.548151416139552,0-24
2017,South,Persons,2599,8791865,2.9561418424873445,2.8424895500137883,3.0697941349609006,0-24
2018,North,Persons,2740,7821183,3.5033063412529795,3.3721289755604866,3.6344837069454723,0-24
2018,South,Persons,2637,8784321,3.0019394783045836,2.887361029407387,3.1165179272017802,0-24
2019,North,Persons,2695,7811063,3.450234622355498,3.31997035071545,3.5804988939955456,0-24
2019,South,Persons,2520,8767782,2.874159051855988,2.7619399990551687,2.9863781046568074,0-24
2020,North,Persons,2416,7778536,3.10598292532168,2.982129885491094,3.2298359651522666,0-24
2020,South,Persons,2335,8709682,2.6809245159582176,2.5721825413163644,2.7896664906000708,0-24
2021,North,Persons,2788,7770816,3.587782801703193,3.454603776933643,3.720961826472743,0-24
2021,South,Persons,2402,8686126,2.765329446061455,2.654739295840323,2.8759195962825865,0-24
2022,North,Persons,2811,7880859,3.566870058200508,3.4350100990871644,3.698730017313852,0-24
2022,South,Persons,2457,8776053,2.7996640403151623,2.688961034699623,2.9103670459307014,0-24
2023,North,Persons,2948,7999439,3.6852584287473156,3.5522251545760817,3.8182917029185495,0-24
2023,South,Persons,2480,8890622,2.7894561257918737,2.6796694170011595,2.899242834582588,0-24
2024,North,Persons,2910,8113316,3.586696241093038,3.456378310618485,3.7170141715675906,0-24
2024,South,Persons,2533,8977556,2.821480590040318,2.711601376218486,2.9313598038621502,0-24
