Year,Area,dsmr,deaths,lo,hi,band
1981,North,67.18178985293451,142810,66.83334959072451,67.53023011514452,Under 75
1981,South,57.042597229086695,123015,56.72382804765779,57.3613664105156,Under 75
1982,North,67.3007703603361,142603,66.95145975146102,67.65008096921119,Under 75
1982,South,55.919118435936454,120318,55.603144627032414,56.235092244840494,Under 75
1983,North,66.08512624225506,139205,65.73796408531936,66.43228839919075,Under 75
1983,South,55.32489374433662,118367,55.009711793300205,55.640075695373035,Under 75
1984,North,64.19823872363038,134662,63.855347274846515,64.54113017241424,Under 75
1984,South,53.90635074380711,114824,53.59454818983976,54.21815329777446,Under 75
1985,North,64.59427549723311,136041,64.25102182275378,64.93752917171244,Under 75
1985,South,53.72974102646408,114893,53.4190533451862,54.04042870774197,Under 75
1986,North,62.782721513241334,132271,62.44437329756529,63.12106972891738,Under 75
1986,South,52.63286892146033,112509,52.32531626517645,52.94042157774421,Under 75
1987,North,61.16405776807973,128533,60.82967411422399,61.49844142193547,Under 75
1987,South,51.345040715445975,109293,51.040631076234234,51.649450354657716,Under 75
1988,North,60.99235176070318,127500,60.65755876894489,61.32714475246147,Under 75
1988,South,50.54575091941705,106703,50.24246488729649,50.84903695153761,Under 75
1989,North,59.73509028257078,124258,59.40294857337502,60.06723199176654,Under 75
1989,South,49.55691608752979,103735,49.255339454467325,49.85849272059226,Under 75
1990,North,57.68685676552848,120938,57.36173087401902,58.01198265703795,Under 75
1990,South,48.37487224645387,101775,48.077667769654454,48.672076723253284,Under 75
1991,North,56.60342443378547,119681,56.282733876057,56.92411499151394,Under 75
1991,South,47.234465168487816,99909,46.941569622457294,47.52736071451834,Under 75
1992,North,54.6746243735095,116694,54.36092213623623,54.98832661078277,Under 75
1992,South,45.86876646425238,98003,45.58158695622069,46.15594597228407,Under 75
1993,North,54.99658493683086,118857,54.68391983389339,55.30925003976832,Under 75
1993,South,45.77437328621457,99256,45.4895994447727,46.05914712765644,Under 75
1994,North,52.16746123276542,113863,51.864445999342955,52.47047646618788,Under 75
1994,South,43.84256657665151,96390,43.56578571859361,44.119347434709404,Under 75
1995,North,51.9079207016451,112086,51.604032374487296,52.2118090288029,Under 75
1995,South,44.124798588973874,96111,43.84583195681896,44.403765221128786,Under 75
1996,North,50.90346901302111,108940,50.60118876777072,51.205749258271496,Under 75
1996,South,43.03607079430551,93223,42.759804980349045,43.31233660826197,Under 75
1997,North,49.60553520888054,105766,49.30657514949067,49.90449526827041,Under 75
1997,South,41.55844606314899,90054,41.287012300121134,41.82987982617685,Under 75
1998,North,48.755156413673255,103958,48.4587772504417,49.05153557690481,Under 75
1998,South,40.51265603639732,88095,40.245126856548396,40.78018521624624,Under 75
1999,North,47.51073974804893,101409,47.21831803712972,47.803161458968134,Under 75
1999,South,39.41145220515357,86192,39.148337555102884,39.67456685520426,Under 75
2000,North,45.36494862866507,97046,45.079526477494014,45.65037077983612,Under 75
2000,South,38.32578025440393,84531,38.0674120463021,38.58414846250576,Under 75
2001,North,43.71062677571547,93942,43.431106571874366,43.99014697955657,Under 75
2001,South,37.038457984266586,82305,36.78541409198457,37.2915018765486,Under 75
2002,North,42.851875992810434,92752,42.57609503900463,43.12765694661624,Under 75
2002,South,36.16718141010987,81043,35.918173592878226,36.41618922734151,Under 75
2003,North,42.080936100152364,91977,41.80897809712381,42.352894103180915,Under 75
2003,South,35.43042924556963,80175,35.185176995239416,35.67568149589984,Under 75
2004,North,40.21766250215414,88707,39.952999063591,40.48232594071728,Under 75
2004,South,33.66349721438263,76772,33.425367343896674,33.901627084868586,Under 75
2005,North,39.277701652335516,87415,39.01732073220099,39.53808257247004,Under 75
2005,South,32.65311599340147,75261,32.41982621522964,32.8864057715733,Under 75
2006,North,38.21337973729531,85690,37.95751734865331,38.46924212593731,Under 75
2006,South,31.844451469982943,74020,31.61503990718884,32.07386303277704,Under 75
2007,North,37.24376309412945,84558,36.99272925052819,37.494796937730705,Under 75
2007,South,30.8637295751545,72821,30.63956026405485,31.087898886254152,Under 75
2008,North,36.916398665295034,85176,36.66847568829154,37.16432164229853,Under 75
2008,South,30.23610839504483,72719,30.01634365386142,30.45587313622824,Under 75
2009,North,35.15613829994984,82402,34.916095679426704,35.39618092047297,Under 75
2009,South,29.176448674859216,71451,28.962512441791493,29.39038490792694,Under 75
2010,North,34.303951566632804,81477,34.068401784461535,34.53950134880407,Under 75
2010,South,28.676205252522657,71347,28.465783858576927,28.886626646468386,Under 75
2011,North,33.48899239845941,80331,33.25740412467957,33.72058067223925,Under 75
2011,South,27.503322016502985,69335,27.29859980464377,27.708044228362198,Under 75
2012,North,32.55193588302748,79276,32.325334775443054,32.77853699061191,Under 75
2012,South,27.009847641002025,69432,26.808939114686655,27.210756167317395,Under 75
2013,North,32.21473372915376,79511,31.99081160275056,32.43865585555695,Under 75
2013,South,26.897403516423307,70456,26.698790623137697,27.096016409708916,Under 75
2014,North,32.16387022952783,80549,31.941746837965017,32.38599362109065,Under 75
2014,South,26.189827139328052,69942,25.99572975631825,26.383924522337853,Under 75
2015,North,32.130969715056864,81658,31.910585474809373,32.351353955304354,Under 75
2015,South,26.511537405159533,72181,26.318127132435574,26.704947677883492,Under 75
2016,North,32.246893539681736,83451,32.02810317983953,32.46568389952394,Under 75
2016,South,26.49018691754827,73750,26.298999158942802,26.68137467615374,Under 75
2017,North,31.60753638344199,83417,31.393040266519947,31.82203250036403,Under 75
2017,South,25.948139135031887,73845,25.760984002400477,26.135294267663298,Under 75
2018,North,32.06488474471793,85628,31.850112649284274,32.27965684015158,Under 75
2018,South,26.010554626021232,75039,25.824447858800546,26.196661393241918,Under 75
2019,North,31.238906715174068,84040,31.027699439006227,31.450113991341908,Under 75
2019,South,25.30289495530647,73700,25.12021430877936,25.48557560183358,Under 75
2020,North,35.135349434335836,95277,34.91224597131414,35.35845289735753,Under 75
2020,South,28.030799937137417,82323,27.839316608309133,28.2222832659657,Under 75
2021,North,35.40789367373132,96315,35.18427441716079,35.63151293030185,Under 75
2021,South,28.48737250461228,84241,28.29499835676418,28.679746652460384,Under 75
2022,North,33.615662833151454,90995,33.3972445516539,33.83408111464901,Under 75
2022,South,26.56053527265381,78046,26.374190347579706,26.74688019772791,Under 75
2023,North,33.65372138090416,91088,33.43516746967427,33.87227529213405,Under 75
2023,South,26.414072722697874,77770,26.228426810375808,26.59971863501994,Under 75
2024,North,32.38026543616007,88113,32.16646111327944,32.59406975904071,Under 75
2024,South,25.629302444218524,75983,25.447066249143283,25.811538639293765,Under 75
1981,North,16.600347213863756,11864,16.301631771649806,16.899062656077707,25-49
1981,South,14.586285767933667,10415,14.306148330231094,14.86642320563624,25-49
1982,North,16.161978271005918,11625,15.86817670310343,16.455779838908406,25-49
1982,South,14.121245129651939,10165,13.84672425631544,14.395766002988438,25-49
1983,North,15.746324603363252,11432,15.45767287421888,16.034976332507625,25-49
1983,South,13.921347331783707,10172,13.650805662927885,14.191889000639529,25-49
1984,North,15.321180022569504,11256,15.038134529068108,15.6042255160709,25-49
1984,South,13.486347208884325,10052,13.222699399075532,13.749995018693118,25-49
1985,North,15.106939442104972,11208,14.82725487777286,15.386624006437083,25-49
1985,South,13.336312932594753,10090,13.076089581225775,13.596536283963731,25-49
1986,North,15.028149399668518,11224,14.75012190501924,15.306176894317796,25-49
1986,South,13.383664306339085,10257,13.124651684177476,13.642676928500695,25-49
1987,North,14.573076571562844,11043,14.301267603274344,14.844885539851344,25-49
1987,South,13.27900767266088,10389,13.023658285396017,13.534357059925743,25-49
1988,North,14.704431395677734,11302,14.433333182364679,14.975529608990788,25-49
1988,South,13.128372200037585,10473,12.876933918158374,13.379810481916797,25-49
1989,North,14.256120776523996,11136,13.991336113416166,14.520905439631827,25-49
1989,South,13.10025441548104,10661,12.851576722500612,13.348932108461467,25-49
1990,North,14.21643033962635,11274,13.954003882409113,14.478856796843585,25-49
1990,South,13.16926583981358,10974,12.922868986058274,13.415662693568885,25-49
1991,North,13.83905904455358,11169,13.582400641254658,14.0957174478525,25-49
1991,South,13.096474866646027,11159,12.85347958186054,13.339470151431513,25-49
1992,North,13.751337612505312,11344,13.498280873575377,14.004394351435247,25-49
1992,South,12.740684213245174,11113,12.503801610761425,12.977566815728924,25-49
1993,North,13.5447585212871,11327,13.29531634446284,13.79420069811136,25-49
1993,South,12.752944051303427,11277,12.51756395536411,12.988324147242743,25-49
1994,North,13.3991430408214,11265,13.151704414072745,13.646581667570056,25-49
1994,South,12.694348384239056,11334,12.46063968398266,12.928057084495453,25-49
1995,North,13.691986784328112,11576,13.442559887512218,13.941413681144006,25-49
1995,South,12.916310804882716,11638,12.681641989061216,13.150979620704216,25-49
1996,North,13.636565778201248,11588,13.38827714382679,13.884854412575708,25-49
1996,South,12.772647858846518,11590,12.540109130995791,13.005186586697246,25-49
1997,North,13.594775229801133,11378,13.34497367440994,13.844576785192325,25-49
1997,South,12.155508941305875,10929,11.927611732843037,12.383406149768714,25-49
1998,North,13.858439814776784,11506,13.605213854573815,14.111665774979752,25-49
1998,South,12.230039939695047,10969,12.0011638482029,12.458916031187194,25-49
1999,North,13.980144891071975,11536,13.725027467597332,14.235262314546617,25-49
1999,South,11.806374172683917,10666,11.5823103068842,12.030438038483634,25-49
2000,North,13.863144257889395,11416,13.608835782772175,14.117452733006616,25-49
2000,South,11.881873267699703,10860,11.65839974520494,12.105346790194465,25-49
2001,North,13.779160366025135,11365,13.525826001154332,14.032494730895937,25-49
2001,South,11.713333531075929,10835,11.492775882344054,11.933891179807803,25-49
2002,North,13.681361131689918,11338,13.42952551499528,13.933196748384557,25-49
2002,South,11.710813824242985,10927,11.491233876930156,11.930393771555813,25-49
2003,North,13.574514436455377,11354,13.324821687812822,13.824207185097933,25-49
2003,South,11.445640454045877,10803,11.229804405018537,11.661476503073217,25-49
2004,North,13.27570379105484,11196,13.029790399054193,13.521617183055486,25-49
2004,South,10.950780246186989,10443,10.740746781627225,11.160813710746753,25-49
2005,North,13.10653377052974,11216,12.863970565779256,13.349096975280224,25-49
2005,South,10.784456293651314,10447,10.577652486936364,10.991260100366263,25-49
2006,North,13.086590501463352,11291,12.845202110092657,13.327978892834047,25-49
2006,South,10.348528343981311,10177,10.147468760925921,10.5495879270367,25-49
2007,North,12.604119442149983,10960,12.36814590397755,12.840092980322416,25-49
2007,South,10.293746473079079,10241,10.0943771400407,10.493115806117457,25-49
2008,North,13.009427151255395,11356,12.770149821786255,13.248704480724534,25-49
2008,South,10.408614167492225,10473,10.209265457451053,10.607962877533396,25-49
2009,North,12.73823677803641,11191,12.502226486822552,12.974247069250266,25-49
2009,South,10.10113384499811,10265,9.905723874006036,10.296543815990184,25-49
2010,North,12.164722988910032,10721,11.934451246531173,12.394994731288891,25-49
2010,South,9.78583260238062,10027,9.594288693342012,9.977376511419227,25-49
2011,North,11.966786574171568,10536,11.738281559208659,12.195291589134477,25-49
2011,South,9.181815431420652,9469,8.996874699689684,9.36675616315162,25-49
2012,North,11.504373673252745,10095,11.279951435079882,11.728795911425609,25-49
2012,South,8.752989459459755,9090,8.573048291433196,8.932930627486314,25-49
2013,North,11.795438407778125,10258,11.567173678354385,12.023703137201865,25-49
2013,South,9.06911411197716,9429,8.886056362033788,9.252171861920534,25-49
2014,North,12.206844843780662,10552,11.973932715124569,12.439756972436754,25-49
2014,South,8.9161480927909,9293,8.734865803875161,9.097430381706639,25-49
2015,North,12.070400424708552,10393,11.838336685664173,12.302464163752932,25-49
2015,South,8.819282534519276,9208,8.63914398066199,8.999421088376563,25-49
2016,North,12.138303317419382,10429,11.905337220698526,12.371269414140238,25-49
2016,South,9.106399555987055,9514,8.923412150499809,9.289386961474301,25-49
2017,North,12.209742308212125,10421,11.975315177784609,12.44416943863964,25-49
2017,South,8.822742192373822,9196,8.642415432617646,9.003068952129997,25-49
2018,North,12.641817294464309,10740,12.402726177961888,12.880908410966729,25-49
2018,South,9.044541654517632,9399,8.861688772509028,9.227394536526235,25-49
2019,North,12.285471131085592,10352,12.048805193863876,12.522137068307307,25-49
2019,South,8.78779387993465,9110,8.607335628572732,8.968252131296568,25-49
2020,North,13.778754876182184,11538,13.527334322676356,14.030175429688011,25-49
2020,South,9.475922472666177,9787,9.288184217997056,9.663660727335298,25-49
2021,North,14.695527124144323,12208,14.43484036091937,14.956213887369277,25-49
2021,South,9.880320751155976,10140,9.688007974899943,10.072633527412009,25-49
2022,North,13.595928300624756,11316,13.345422107250085,13.846434493999427,25-49
2022,South,9.285076521223948,9530,9.098655403181692,9.471497639266204,25-49
2023,North,13.721830647415391,11589,13.472000327006022,13.97166096782476,25-49
2023,South,9.319427634224873,9676,9.133733843525015,9.5051214249247309,25-49
2024,North,12.906644539538418,11088,12.666405926397129,13.146883152679706,25-49
2024,South,9.062266959596865,9522,8.880242883896788,9.244291035296943,25-49
