period,Sex,agecat,AgeGroup,excess,excess_lo,excess_hi,irr,lo,hi
1981-89,Female,0,<1,11.748396592542587,8.815735851573091,14.681057333512083,1.1174839659254259,1.088538829516325,1.1471987771490797
1981-89,Female,1,01-04,16.40880591661711,9.147356177115885,23.670255656118332,1.164088059166171,1.093692000231719,1.239015197337239
1981-89,Female,2,05-09,14.384492070897936,4.540506265559285,24.22847787623659,1.1438449207089794,1.0495220097576772,1.2466448444790803
1981-89,Female,3,10-14,-1.3739132006522325,-9.307498888599552,6.5596724872950984,0.9862608679934777,0.9100320735668027,1.068874963849111
1981-89,Female,4,15-19,-0.21473219436648483,-5.899004566033639,5.469540177300658,0.9978526780563352,0.942598668802151,1.0563456114037828
1981-89,Female,5,20-24,-1.0556389354284823,-6.38330488668929,4.272027015832336,0.9894436106457152,0.937575892592981,1.0441807072706284
1981-89,Female,6,25-29,-1.1132378254890885,-6.165650408325185,3.9391747573470193,0.9888676217451091,0.9396125041135378,1.0407047256766486
1981-89,Female,7,30-34,7.657550191830631,3.0036719507057663,12.311428432955495,1.0765755019183063,1.0310282819605843,1.124134838596951
1981-89,Female,8,35-39,10.230330044257308,6.424802406932728,14.035857681581888,1.102303300442573,1.0648974284845036,1.1410231010659928
1981-89,Female,9,40-44,13.319414043193323,10.096215240780971,16.542612845605674,1.1331941404319332,1.1014162320189864,1.1658889006523485
1981-89,Female,10,45-49,15.77839740057061,13.116111308064827,18.440683493076392,1.157783974005706,1.1314648723015315,1.1847152865981476
1981-89,Female,11,50-54,18.503369866880213,16.379680310064295,20.62705942369614,1.1850336986688021,1.1639859638034415,1.2064620284526058
1981-89,Female,12,55-59,23.621342071894347,21.925149649168098,25.317534494620595,1.2362134207189435,1.2193673322798686,1.2532922451746267
1981-89,Female,13,60-64,22.125435775464975,20.827450300220196,23.42342125070975,1.2212543577546497,1.2083432361607158,1.2343034344062402
1981-89,Female,14,65-69,22.535889212982774,21.45225746349817,23.619520962467377,1.2253588921298277,1.2145703485543222,1.2362432660313567
1981-89,Female,15,70-74,18.95006046655954,18.091458761949532,19.808662171169544,1.1895006046655954,1.1809455008591805,1.198117684067908
1981-89,Female,16,75-79,15.518162585920603,14.81207377723086,16.224251394610345,1.155181625859206,1.1481422732239228,1.1622641373317513
1981-89,Female,17,80-84,11.152488945972516,10.519494216132387,11.785483675812646,1.1115248894597252,1.1052129319880606,1.1178728950140453
1981-89,Female,18,85+,6.606247912717866,6.10260408017731,7.109891745258423,1.0660624791271787,1.0610379190046213,1.0711108331254997
1990-99,Female,0,<1,20.00717044350435,16.40167685971541,23.612664027293295,1.2000717044350435,1.1645530019524162,1.236673722339068
1990-99,Female,1,01-04,15.139253458905921,7.215946824969266,23.062560092842578,1.1513925345890592,1.0748242060609074,1.2334154378286244
1990-99,Female,2,05-09,11.053951080844016,0.7949817760541489,21.31292038563388,1.1105395108084402,1.0125457419190034,1.218017077163616
1990-99,Female,3,10-14,13.178353517492036,3.1937463897390828,23.16296064524499,1.1317835351749204,1.0362149730222427,1.2361662433394933
1990-99,Female,4,15-19,3.575482874916558,-2.9785446959890605,10.129510445822177,1.0357548287491656,0.9722451200928678,1.103413165164297
1990-99,Female,5,20-24,7.248113259232936,1.3159708605619658,13.180255657903906,1.0724811325923294,1.0147704766942203,1.1334738309627812
1990-99,Female,6,25-29,4.975453463432999,6.13635906532295e-5,9.950845563275346,1.04975453463433,1.00116126736665,1.1007063685992207
1990-99,Female,7,30-34,8.514085924889558,4.175526637702376,12.852645212076741,1.0851408592488956,1.0426111333965382,1.129405438608125
1990-99,Female,8,35-39,11.437030314838292,7.682088369378404,15.191972260298181,1.114370303148383,1.0774464634134975,1.152559514284134
1990-99,Female,9,40-44,12.376380155550692,9.339678031870125,15.413082279231261,1.123763801555507,1.093803407333776,1.154544841622646
1990-99,Female,10,45-49,13.402444285975633,10.967121534996348,15.837767036954919,1.1340244428597563,1.1099308468411289,1.158641045668186
1990-99,Female,11,50-54,17.429406842337247,15.325848303720036,19.532965380954458,1.1742940684233725,1.1534457723435205,1.1955191931846023
1990-99,Female,12,55-59,19.573461942136205,17.780111338319493,21.366812545952918,1.195734619421362,1.1779349260269985,1.2138032827544998
1990-99,Female,13,60-64,22.823476945810086,21.378942806380373,24.26801108523979,1.2282347694581008,1.2138740422764276,1.242765391108231
1990-99,Female,14,65-69,23.249510785664175,22.126566752871433,24.372454818456912,1.2324951078566417,1.2213166690407153,1.2437758604274927
1990-99,Female,15,70-74,21.4010474233461,20.515413147716277,22.28668169897592,1.214010474233461,1.205186357073967,1.222899199694557
1990-99,Female,16,75-79,16.20095809495816,15.480313003763468,16.921603186152858,1.1620095809495816,1.1548254300875254,1.1692384243013114
1990-99,Female,17,80-84,10.161167000377658,9.559471554957666,10.76286244579765,1.1016116700037766,1.095611117843317,1.1076450865863328
1990-99,Female,18,85+,3.9007026016402824,3.4891023485879913,4.3123028546925735,1.0390070260164028,1.034899165455787,1.043131192048072
2000-09,Female,0,<1,27.287877534164352,23.01429283082841,31.561462237500294,1.2728787753416435,1.230852376704479,1.3163401293120696
2000-09,Female,1,01-04,19.125674571425357,9.513043056468117,28.738306086382593,1.1912567457142536,1.0989065520030727,1.2913678889465259
2000-09,Female,2,05-09,8.986330163886791,-2.5520549323391095,20.524715260112703,1.089863301638868,0.9803773364146896,1.2115763718111348
2000-09,Female,3,10-14,7.076263565754104,-3.2524414876667684,17.404968619174976,1.070762635657541,0.9723007940765381,1.179195398075578
2000-09,Female,4,15-19,12.566298001623455,5.0678419417798715,20.06475406146704,1.1256629800162345,1.0531213739050729,1.20320143145556
2000-09,Female,5,20-24,3.7644328796919257,-2.4030551761411,9.931920935524952,1.0376443287969193,0.9777665645359911,1.1011889669139694
2000-09,Female,6,25-29,27.405536837648015,20.72920733020478,34.08186634509125,1.2740553683764801,1.2090111857428258,1.3425988947253713
2000-09,Female,7,30-34,21.300648330302362,16.17380958432384,26.427487076280887,1.2130064833030236,1.1628064349902514,1.2653737408561074
2000-09,Female,8,35-39,13.016585057212327,9.273103304841634,16.76006680958302,1.1301658505721233,1.0933442263372388,1.1682275527062045
2000-09,Female,9,40-44,16.397738435767796,13.292608302551168,19.50286856898442,1.163977384357678,1.1333366006175165,1.195446569499241
2000-09,Female,10,45-49,18.85342604340885,16.216640958029018,21.490211128788683,1.1885342604340885,1.1624567463654185,1.2151967741099508
2000-09,Female,11,50-54,18.399159534185205,16.26052605070072,20.537793017669692,1.183991595341852,1.1627972525224282,1.2055722481276718
2000-09,Female,12,55-59,18.79369217336624,17.028284134254168,20.55910021247831,1.1879369217336624,1.1704133736807898,1.205722834129994
2000-09,Female,13,60-64,20.448971049130304,18.921111024113934,21.976831074146673,1.204489710491303,1.1893076041027135,1.219865624061146
2000-09,Female,14,65-69,19.665313878482536,18.380138789636824,20.95048896732825,1.1966531387848254,1.1838701537709773,1.209574149666919
2000-09,Female,15,70-74,20.68896811547487,19.652055876243992,21.72588035470575,1.2068896811547487,1.1965649751832697,1.2173034751035698
2000-09,Female,16,75-79,19.01554357218651,18.203630117290427,19.827457027082595,1.190155435721865,1.182063932311763,1.1983023273606797
2000-09,Female,17,80-84,13.578055529495847,12.921615698382837,14.234495360608857,1.1357805552949585,1.12923509040693,1.1423639601221232
2000-09,Female,18,85+,5.337630664374049,4.9391322846839,5.736129044064198,1.0533763066437405,1.0493988510632881,1.0573688376675083
2010-19,Female,0,<1,28.03278374624345,23.3713077946762,32.6942596978107,1.2803278374624345,1.2345514581483306,1.3278015756750097
2010-19,Female,1,01-04,18.703770401567787,8.025280604010154,29.38226019912542,1.1870377040156779,1.0849150981435112,1.2987730682022676
2010-19,Female,2,05-09,12.620608846351589,-0.5125996311453052,25.753817323848473,1.1262060884635159,1.0022424396618013,1.2655023410506183
2010-19,Female,3,10-14,11.157234582179987,-1.6034849777217808,23.917954142081754,1.1115723458217999,0.9910173066350582,1.2467926359340422
2010-19,Female,4,15-19,13.167864219599302,4.3374931700015384,21.998235269197064,1.131678642195993,1.0467321697410454,1.2235188582380172
2010-19,Female,5,20-24,5.1240375753301315,-1.7413363535219828,11.989411504182247,1.0512403757533013,0.9847804184078836,1.1221855217233017
2010-19,Female,6,25-29,31.796291594548176,24.597845529998885,38.99473765909747,1.3179629159454818,1.247908971554189,1.3919494830173107
2010-19,Female,7,30-34,31.01213318672029,25.20524746977173,36.819018903668855,1.310121331867203,1.2533205710320665,1.3694963155356832
2010-19,Female,8,35-39,44.340694027325036,39.1201672142665,49.56122084038357,1.4434069402732503,1.3921344747796325,1.4965677762981777
2010-19,Female,9,40-44,31.105173049677347,27.373500828312114,34.836845271042584,1.3110517304967735,1.2742610818091145,1.3489046040692552
2010-19,Female,10,45-49,24.334857614510064,21.571739739366503,27.097975489653624,1.2433485761451006,1.2160221621499439,1.2712890685058313
2010-19,Female,11,50-54,18.853285780332342,16.68629840212339,21.020273158541293,1.1885328578033234,1.1670593363985415,1.2104014851869878
2010-19,Female,12,55-59,22.28007486610595,20.375963400861895,24.18418633135,1.2228007486610595,1.2039071189669672,1.2419908873111947
2010-19,Female,13,60-64,22.378866572771173,20.801522959386553,23.95621018615579,1.2237886657277117,1.208116446329661,1.2396641920682405
2010-19,Female,14,65-69,23.371718631950557,22.056468557091268,24.686968706809843,1.2337171863195056,1.2206345456561465,1.2469400454350916
2010-19,Female,15,70-74,22.242948228010672,21.137604542753575,23.348291913267772,1.2224294822801067,1.2114258687692616,1.2335330437229035
2010-19,Female,16,75-79,19.700904587451838,18.788881593048213,20.612927581855466,1.1970090458745184,1.1879234722036918,1.2061641085746129
2010-19,Female,17,80-84,16.066746700807165,15.340401180401164,16.79309222121317,1.1606674670080717,1.1534266918145466,1.1679536970413151
2010-19,Female,18,85+,6.220239164701558,5.836142991549509,6.604335337853606,1.0622023916470156,1.0583683660798082,1.0660503062839657
2020-24,Female,0,<1,48.13946894825114,39.93427525772755,56.344662638774736,1.4813946894825114,1.4015737318536976,1.5657615265980607
2020-24,Female,1,01-04,42.03885441860622,21.467333056007256,62.610375781205185,1.4203885441860622,1.228876352048718,1.6417466355272647
2020-24,Female,2,05-09,22.27459013349804,0.8842784578332097,43.66490180916287,1.2227459013349804,1.0265076209351354,1.4564992102732464
2020-24,Female,3,10-14,20.285349171357826,1.8087356316267789,38.76196271108887,1.2028534917135782,1.0315784725021393,1.4025656419701475
2020-24,Female,4,15-19,13.000594192449345,0.4242184628868273,25.576969922011862,1.1300059419244934,1.01098804580401,1.2630351408054177
2020-24,Female,5,20-24,10.742240058253326,0.5241710184315407,20.960309098075115,1.1074224005825333,1.0098140589572489,1.2144655369309931
2020-24,Female,6,25-29,37.80735971284257,27.27323643227797,48.34148299340717,1.3780735971284257,1.2766578977265601,1.487545600496675
2020-24,Female,7,30-34,42.149366216576546,33.73151717289677,50.56721526025632,1.4214936621657654,1.3397591469844528,1.5082145444765438
2020-24,Female,8,35-39,50.57630296085749,43.5452021393486,57.607403782366376,1.5057630296085749,1.4370683383833096,1.5777414620982557
2020-24,Female,9,40-44,45.52197832199314,39.91189593705775,51.13206070692853,1.4552197832199314,1.4001865798537785,1.5124160222245608
2020-24,Female,10,45-49,45.062396963134965,40.47239586311908,49.65239806315085,1.4506239696313497,1.4054425338069334,1.4972578747628007
2020-24,Female,11,50-54,32.57376223045105,29.32156348519308,35.82596097570902,1.3257376223045105,1.2936112952378545,1.3586617940518626
2020-24,Female,12,55-59,25.244299525618906,22.7290686723032,27.759530378934617,1.252442995256189,1.227541566322087,1.277849564855155
2020-24,Female,13,60-64,25.130025059239625,22.975399031914122,27.284651086565127,1.2513002505923962,1.2299384337239863,1.2730330837713852
2020-24,Female,14,65-69,24.54460594980661,22.700747996448854,26.38846390316436,1.245446059498066,1.2271432986213886,1.2640218048388114
2020-24,Female,15,70-74,26.899806448202735,25.386960462900653,28.412652433504814,1.2689980644820273,1.2539594249012842,1.284217061318315
2020-24,Female,16,75-79,22.341699699922103,21.13924255352966,23.544156846314547,1.223416996999221,1.2114513252278771,1.2355008553604494
2020-24,Female,17,80-84,17.813478195909262,16.796525651876394,18.830430739942127,1.1781347819590926,1.1680090215966517,1.1883483250535347
2020-24,Female,18,85+,6.915287818104643,6.388892293983783,7.441683342225502,1.0691528781810464,1.0639018601941692,1.0744298132105854
1981-89,Male,0,<1,10.059114074384778,7.601009103047995,12.51721904572156,1.1005911407438478,1.0762825603563477,1.1254487471048429
1981-89,Male,1,01-04,16.40157351734297,9.933421629298088,22.869725405387854,1.1640157351734297,1.1010984840662559,1.2305281056492767
1981-89,Male,2,05-09,18.988299353655226,10.385594573285783,27.591004134024665,1.1898829935365522,1.10689215936142,1.2790961850559244
1981-89,Male,3,10-14,7.906009736453434,1.0479716531268446,14.764047819780025,1.0790600973645343,1.0126136069954126,1.1498667267362064
1981-89,Male,4,15-19,7.021283188273242,3.2445128388139066,10.798053537732578,1.0702128318827324,1.0331037671261862,1.1086548534350282
1981-89,Male,5,20-24,-2.829045329216917,-6.012821357208809,0.3547306987749854,0.9717095467078308,0.9403877134904636,1.004074627536819
1981-89,Male,6,25-29,-4.877178702451557,-8.22092714394229,-1.533430260960822,0.9512282129754844,0.9183715980951243,0.9852603401905417
1981-89,Male,7,30-34,-2.37458576051347,-5.62285969630143,0.8736881752744896,0.9762541423948653,0.9443058554096628,1.0092833218000836
1981-89,Male,8,35-39,7.135102962069295,4.100366549915591,10.169839374222999,1.071351029620693,1.0414294493504894,1.102132294592942
1981-89,Male,9,40-44,16.13996845982406,13.426410637671271,18.85352628197685,1.1613996845982406,1.1345786570905503,1.1888547514579606
1981-89,Male,10,45-49,21.498811802221063,19.25771536575205,23.739908238690077,1.2149881180222106,1.1927825784783797,1.2376070489043538
1981-89,Male,11,50-54,24.643357631439635,22.887576238331064,26.3991390245482,1.2464335763143963,1.2289988473239097,1.2641156365173032
1981-89,Male,12,55-59,24.970522819757115,23.64935132540875,26.291694314105474,1.2497052281975711,1.2365631040367058,1.26298702612591
1981-89,Male,13,60-64,23.505046682567766,22.484798490825675,24.525294874309857,1.2350504668256777,1.224890009346807,1.2452952052566275
1981-89,Male,14,65-69,20.901434585979374,20.04814773915289,21.75472143280586,1.2090143458597937,1.2005115179184163,1.2175773965328331
1981-89,Male,15,70-74,17.85765731297493,17.13117209801569,18.584142527934166,1.1785765731297493,1.1713340656465636,1.1858638619577129
1981-89,Male,16,75-79,13.76642339575569,13.095777712618961,14.437069078892417,1.137664233957557,1.130977505405417,1.1443904967519927
1981-89,Male,17,80-84,11.406525107801823,10.663674090238807,12.149376125364842,1.1140652510780182,1.106661452343636,1.1215185827888887
1981-89,Male,18,85+,7.901828711245429,7.078965304719453,8.724692117771404,1.0790182871124543,1.070820949377527,1.0872783770245589
1990-99,Male,0,<1,21.167529675346763,18.02174773722751,24.313311613466016,1.2116752967534676,1.1806223241442624,1.2435450310722798
1990-99,Male,1,01-04,12.530528758157278,5.758018287526001,19.303039228788556,1.1253052875815728,1.0595778821036124,1.1951098750240032
1990-99,Male,2,05-09,18.04019124748666,8.814398918228639,27.26598357674468,1.1804019124748666,1.0916572172775463,1.27636097936416
1990-99,Male,3,10-14,19.656369082693924,10.986194088924695,28.326544076463158,1.1965636908269393,1.112928586114434,1.2864838625487238
1990-99,Male,4,15-19,15.947174450264324,11.158957916306234,20.735390984222413,1.1594717445026432,1.1125647925370632,1.2083563450127937
1990-99,Male,5,20-24,10.425033513094517,6.792358479892302,14.057708546296732,1.1042503351309452,1.0685146103288308,1.141181216288235
1990-99,Male,6,25-29,6.275729349031733,3.07467772205563,9.476780976007838,1.0627572934903173,1.0312240556911065,1.095254768964759
1990-99,Male,7,30-34,-3.198724547693832,-5.930624172906363,-0.4668249224813015,0.9680127545230617,0.9410756519621692,0.9957208976404314
1990-99,Male,8,35-39,0.8456611325168506,-1.784290181494097,3.4756124465278093,1.0084566113251685,0.9824970685658008,1.0351020572610812
1990-99,Male,9,40-44,8.068756331062499,5.711729911392682,10.425782750732315,1.080687563310625,1.0573724793889943,1.10451674529029
1990-99,Male,10,45-49,14.441782935762127,12.430745770496943,16.45282010102731,1.1444178293576213,1.1244831227751781,1.1647059361098662
1990-99,Male,11,50-54,18.728371380225962,17.0205841299399,20.436158630512026,1.1872837138022596,1.1703280784525425,1.2044850012690247
1990-99,Male,12,55-59,21.23116056600558,19.808321104636505,22.654000027374654,1.2123116056600558,1.1981663817089252,1.2266238242487277
1990-99,Male,13,60-64,23.237922546492527,22.0991180457349,24.376727047250156,1.2323792254649253,1.2210436355051326,1.24382004966533
1990-99,Male,14,65-69,21.52336934033969,20.63041367521281,22.416325005466575,1.215233693403397,1.2063368638061063,1.2241961378212722
1990-99,Male,15,70-74,18.419736528132358,17.675647712950628,19.163825343314087,1.1841973652813236,1.1767798056026553,1.1916616798340343
1990-99,Male,16,75-79,15.088499471340565,14.409690089188443,15.76730885349269,1.1508849947134057,1.1441168801944495,1.1576931465527918
1990-99,Male,17,80-84,11.119210675521618,10.446060262526814,11.792361088516422,1.1111921067552162,1.1044809509453122,1.117944041550277
1990-99,Male,18,85+,4.735263771886999,4.1019738705975195,5.368553673176479,1.04735263771887,1.0410388463573126,1.0537047215624964
2000-09,Male,0,<1,24.55392800176359,20.860692700107485,28.247163303419697,1.245539280017636,1.2091491083855794,1.283024638820759
2000-09,Male,1,01-04,17.935549196473065,9.297219070162965,26.573879322783167,1.1793554919647307,1.0960599675222216,1.2689810937732047
2000-09,Male,2,05-09,11.364470507987189,0.8856027323245641,21.843338283649814,1.113644705079872,1.013635024213269,1.2235217800559106
2000-09,Male,3,10-14,23.48932525150349,13.466754317059483,33.5118961859475,1.234893252515035,1.1386269371708586,1.3392984965701114
2000-09,Male,4,15-19,13.858826895261833,8.796226301612409,18.921427488911256,1.1385882689526183,1.08907127856194,1.1903566568281225
2000-09,Male,5,20-24,18.094343992311224,13.776170104556007,22.41251788006644,1.1809434399231122,1.1385416458529876,1.2249243700282813
2000-09,Male,6,25-29,32.5630409852028,28.048513376557892,37.0775685938477,1.325630409852028,1.281245208112291,1.3715532143246407
2000-09,Male,7,30-34,31.20661044019666,27.35678165011388,35.05643923027944,1.3120661044019666,1.2741271358486017,1.3511347603267057
2000-09,Male,8,35-39,23.865408664836373,20.789521382332076,26.94129594734067,1.2386540866483637,1.2082739818892378,1.2697980502499455
2000-09,Male,9,40-44,21.7918329490564,19.201333028397304,24.382332869715494,1.217918329490564,1.1922868857038693,1.2441007907533945
2000-09,Male,10,45-49,17.28645998290672,15.162461287611052,19.410458678202392,1.1728645998290672,1.1518157798882502,1.1942980757440749
2000-09,Male,11,50-54,18.28950297837233,16.531917503405968,20.04708845333869,1.1828950297837233,1.165449104724502,1.2006021076465618
2000-09,Male,12,55-59,18.139598263766608,16.717702002831935,19.561494524701285,1.181395982637666,1.1672622455631454,1.1957008573673717
2000-09,Male,13,60-64,19.169650069027423,17.95611736767222,20.383182770382625,1.1916965006902742,1.1796227529251375,1.2038938264253463
2000-09,Male,14,65-69,19.55108616052843,18.506367809538695,20.595804511518168,1.1955108616052843,1.185109192701921,1.2060038256539738
2000-09,Male,15,70-74,18.979904322116624,18.1056768388828,19.85413180535045,1.1897990432211663,1.1810888076331072,1.198573514625795
2000-09,Male,16,75-79,16.534222533153997,15.791851953725144,17.27659311258285,1.16534222533154,1.1579421154240543,1.1727896274360305
2000-09,Male,17,80-84,12.358581458581064,11.670083075162708,13.04707984199942,1.1235858145858106,1.116721882248681,1.1304919360909664
2000-09,Male,18,85+,6.002206674338573,5.42658815634165,6.577825192335496,1.0600220667433857,1.0542814820756565,1.0657939090144095
2010-19,Male,0,<1,30.5321345105654,26.344798349766197,34.719470671364604,1.305321345105654,1.2641124861366722,1.3478735734948013
2010-19,Male,1,01-04,23.457726099434396,13.38613626593872,33.52931593293007,1.234577260994344,1.1378600548873492,1.3395153532436765
2010-19,Male,2,05-09,16.648420344341332,4.333948244488628,28.962892444194033,1.1664842034434133,1.0496167965062775,1.2963639696050506
2010-19,Male,3,10-14,24.428133007467558,12.162429084977,36.69383692995811,1.2442813300746756,1.1274759990074936,1.3731875709419101
2010-19,Male,4,15-19,12.237818759164544,5.974570955136449,18.501066563192637,1.1223781875916454,1.061461203082943,1.186791182120173
2010-19,Male,5,20-24,6.34877633107509,1.9282769887072115,10.76927567344297,1.063487763310751,1.0201888856154664,1.10862433286497
2010-19,Male,6,25-29,27.28930584154643,22.525994453230382,32.05261722986248,1.2728930584154643,1.226140173450816,1.3214286369903923
2010-19,Male,7,30-34,42.37638500452765,37.71123070617761,47.04153930287769,1.4237638500452765,1.377868327585945,1.4711881100041524
2010-19,Male,8,35-39,45.31790650950456,41.267797510843394,49.36801550816572,1.4531790650950456,1.4132371645456243,1.4942498316688844
2010-19,Male,9,40-44,39.37142351360905,36.24285929619047,42.49998773102763,1.3937142351360905,1.362777125119906,1.4253536645253488
2010-19,Male,10,45-49,29.257220478234824,26.925403136116998,31.58903782035265,1.2925722047823482,1.2694631037077826,1.3161019801962583
2010-19,Male,11,50-54,21.11277702502199,19.287018264774392,22.938535785269586,1.21112777025022,1.1930071090690821,1.2295236673114671
2010-19,Male,12,55-59,18.65515661616872,17.133702396214765,20.176610836122677,1.1865515661616872,1.1714341525115946,1.2018640707564805
2010-19,Male,13,60-64,18.918484725993,17.65751361412846,20.17945583785754,1.18918484725993,1.1766417550065447,1.2018616498483494
2010-19,Male,14,65-69,18.152614831587787,17.108218297131007,19.19701136604457,1.1815261483158779,1.1711282063842274,1.192016409086597
2010-19,Male,15,70-74,16.673375111158208,15.773447678783414,17.573302543532996,1.166733751111582,1.1577690944183834,1.1757678215333163
2010-19,Male,16,75-79,15.207639826294518,14.416759346385287,15.998520306203744,1.1520763982629452,1.1441946777392347,1.1600124115740829
2010-19,Male,17,80-84,13.007742298580727,12.30872451247893,13.706760084682523,1.1300774229858073,1.123108819750306,1.1370892646236785
2010-19,Male,18,85+,6.831879422842202,6.333014438536733,7.330744407147671,1.068318794228422,1.0633417738425504,1.0733191097885553
2020-24,Male,0,<1,40.644909954573016,33.86107644603897,47.42874346310706,1.4064490995457302,1.340220823493322,1.47595010832396
2020-24,Male,1,01-04,26.77910877675018,10.550156938498878,43.00806061500148,1.2677910877675018,1.1154594864208165,1.4409257008338716
2020-24,Male,2,05-09,11.989694049933796,-4.710655306179579,28.690043406047174,1.119896940499338,0.9647489948420744,1.2999952983056284
2020-24,Male,3,10-14,34.83104732985156,16.484311402200014,53.17778325750311,1.3483104732985156,1.1767780824911647,1.5448461859163802
2020-24,Male,4,15-19,21.086741954967536,11.850923240148425,30.322560669786647,1.2108674195496754,1.1219436437035457,1.3068391767762513
2020-24,Male,5,20-24,9.846102961115077,3.2647629502627895,16.427442971967366,1.0984610296111508,1.03458041531715,1.166285980007172
2020-24,Male,6,25-29,43.05812383951058,35.56155278671977,50.55469489230138,1.4305812383951058,1.3575458502470057,1.507545899297399
2020-24,Male,7,30-34,43.99594181593953,37.70852252348655,50.28336110839251,1.4399594181593953,1.378438127929124,1.5042264748298937
2020-24,Male,8,35-39,45.96740887438513,40.66510673991661,51.26971100885365,1.4596740887438513,1.4076025488411272,1.5136719147776097
2020-24,Male,9,40-44,49.916215872795156,45.33293299122416,54.49949875436615,1.4991621587279516,1.4540228518218246,1.5457027895716031
2020-24,Male,10,45-49,46.1826617149319,42.49278960127816,49.87253382858565,1.461826617149319,1.4253896922197071,1.499194971221132
2020-24,Male,11,50-54,32.08826240306939,29.48865420551041,34.687870600628365,1.320882624030694,1.2951406844673055,1.3471362048855902
2020-24,Male,12,55-59,23.747833135310014,21.73871441849795,25.75695185212208,1.2374783313531001,1.2175493612113641,1.257733500878256
2020-24,Male,13,60-64,19.46437502634013,17.790545156521944,21.13820489615832,1.1946437502634013,1.178022166992806,1.211499859706901
2020-24,Male,14,65-69,19.26086420820228,17.80236728116069,20.719361135243865,1.1926086420820228,1.1781124935737821,1.2072831592288435
2020-24,Male,15,70-74,16.84825512193091,15.669952122664043,18.026558121197777,1.168482551219309,1.156758732329507,1.1803251917142734
2020-24,Male,16,75-79,16.81494651135189,15.795243244894209,17.834649777809574,1.168149465113519,1.1579968092963246,1.1783911336286024
2020-24,Male,17,80-84,14.878741214428072,13.933051904475779,15.824430524380361,1.1487874121442807,1.1393693373346976,1.158283337155912
2020-24,Male,18,85+,6.723012226067127,6.09507702613985,7.350947425994403,1.0672301222606713,1.0609692072607277,1.0735279837208591
1981-89,Persons,0,<1,10.77187540511424,8.887805481425293,12.655945328803186,1.1077187540511424,1.0890373768238124,1.1267205921391708
1981-89,Persons,1,01-04,16.4047156288599,11.574832250238387,21.234599007481414,1.164047156288599,1.1167366180615241,1.2133620051034477
1981-89,Persons,2,05-09,17.090218787564893,10.608808217270326,23.571629357859457,1.170902187875649,1.107849295711309,1.2375437154488647
1981-89,Persons,3,10-14,4.385590013177376,-0.8183766064268183,9.589556632781582,1.0438559001317738,0.9930921184587441,1.097214568504485
1981-89,Persons,4,15-19,4.465443623454268,1.3316902359154836,7.599197010993053,1.0446544362345427,1.0137822689180618,1.0764667370925523
1981-89,Persons,5,20-24,-2.6436427167005117,-5.36858045398223,0.08129502058120686,0.9735635728329949,0.9466920080502,1.0011978788111686
1981-89,Persons,6,25-29,-3.745957011716672,-6.533326815771934,-0.9585872076614099,0.9625404298828333,0.9350664539249263,0.9908216418952125
1981-89,Persons,7,30-34,1.3752452633274181,-1.2971111447693362,4.0476016714241725,1.0137524526332742,0.9873780441963343,1.0408313626787795
1981-89,Persons,8,35-39,8.531780836661707,6.155112296014265,10.908449377309148,1.085317808366617,1.0618094595822771,1.1093466294989653
1981-89,Persons,9,40-44,15.180615345101156,13.10121540422906,17.260015285973253,1.1518061534510116,1.1311987306094278,1.1727889885563123
1981-89,Persons,10,45-49,19.38538085941841,17.66781666290771,21.102945055929112,1.193853808594184,1.1768011268447036,1.2111535957790822
1981-89,Persons,11,50-54,22.421201434353332,21.065569515596906,23.77683335310976,1.2242120143435333,1.210730476861041,1.2378436693429837
1981-89,Persons,12,55-59,24.828595514077634,23.78326252476095,25.873928503394318,1.2482859551407763,1.2378762721871146,1.2587831763255444
1981-89,Persons,13,60-64,23.32088265243646,22.516561006640057,24.12520429823286,1.2332088265243646,1.225191782808331,1.2412783297743641
1981-89,Persons,14,65-69,21.580944105417487,20.910268106315442,22.25162010451953,1.2158094410541749,1.2091211453196544,1.2225347333295347
1981-89,Persons,15,70-74,17.977923405370678,17.424918474959995,18.53092833578136,1.1797792340537068,1.1742621251872214,1.1853222642963412
1981-89,Persons,16,75-79,13.926124806886442,13.442772615754194,14.40947699801869,1.1392612480688644,1.1344379652175605,1.1441050380419124
1981-89,Persons,17,80-84,10.472068248311771,9.993740509086791,10.950395987536755,1.1047206824831177,1.0999477456035056,1.1095143302797237
1981-89,Persons,18,85+,6.689602869624256,6.261146284687102,7.1180594545614095,1.0668960286962426,1.0626200545721214,1.071189209304122
1990-99,Persons,0,<1,20.689244228381476,18.31844508042466,23.060043376338292,1.2068924422838148,1.183415791414495,1.2308348239132263
1990-99,Persons,1,01-04,13.663540260230068,8.514373167030653,18.81270735342948,1.1366354026023007,1.086292650616427,1.189311220798346
1990-99,Persons,2,05-09,15.083555465476973,8.217610984521716,21.949499946432226,1.1508355546547697,1.084184108367162,1.2215844741094768
1990-99,Persons,3,10-14,17.01628630985017,10.464784754467061,23.56778786523328,1.1701628630985017,1.1064481191267628,1.2375466165151554
1990-99,Persons,4,15-19,12.108382564670816,8.232589139154323,15.98417599018731,1.1210838256467082,1.0829882036151957,1.1605195143688116
1990-99,Persons,5,20-24,9.878268072023367,6.771654003372118,12.984882140674614,1.0987826807202337,1.0681516003484566,1.1302921598927391
1990-99,Persons,6,25-29,5.986409915658886,3.292128627544111,8.68069120377366,1.0598640991565889,1.0332608594791783,1.0871522891588288
1990-99,Persons,7,30-34,0.42125346764974037,-1.8931549232286238,2.7356618585281156,1.0042125346764974,0.9813331144577709,1.027625380153001
1990-99,Persons,8,35-39,4.636155942548559,2.4788601286948264,6.793451756402291,1.0463615594254856,1.0250094669072096,1.0681584398892667
1990-99,Persons,9,40-44,9.905283924004937,8.04000888258878,11.770558965421095,1.0990528392400494,1.0805574812277476,1.1178647729773319
1990-99,Persons,10,45-49,14.285363606248346,12.73115546101604,15.839571751480651,1.1428536360624835,1.127416758372524,1.1585018794173978
1990-99,Persons,11,50-54,18.446086958005136,17.11766147830589,19.774512437704384,1.1844608695800514,1.1712508314754582,1.1978198980648733
1990-99,Persons,12,55-59,20.67753357439146,19.562136498558825,21.792930650224097,1.2067753357439146,1.195672753443031,1.2179810125858364
1990-99,Persons,13,60-64,23.00331496130308,22.109551915115656,23.897078007490503,1.2300331496130308,1.2211279118197405,1.2390033300379548
1990-99,Persons,14,65-69,22.222144918568844,21.523075106155186,22.9212147309825,1.2222214491856884,1.2152507052279122,1.2292321777088848
1990-99,Persons,15,70-74,19.67987710231489,19.110101690810577,20.249652513819207,1.196798771023149,1.1911145584260479,1.2025101097036484
1990-99,Persons,16,75-79,15.24587644380686,14.753344800618184,15.738408086995538,1.1524587644380686,1.147543957805328,1.1573946206559453
1990-99,Persons,17,80-84,9.903319694873392,9.457526740609602,10.349112649137183,1.099033196948734,1.0945842963840633,1.1035001799181128
1990-99,Persons,18,85+,3.7812421178855526,3.437395108483776,4.125089127287329,1.0378124211788555,1.0343796409521908,1.0412565937218594
2000-09,Persons,0,<1,25.746110502372368,22.95144874693158,28.540772257813153,1.2574611050237237,1.2298227512880475,1.2857205877769093
2000-09,Persons,1,01-04,18.476058458092993,12.050525832525905,24.90159108366008,1.18476058458093,1.122216619879879,1.2507902822957593
2000-09,Persons,2,05-09,10.311070714840787,2.5528505917297384,18.069290837951833,1.1031107071484079,1.0281938496042555,1.1834862002858884
2000-09,Persons,3,10-14,16.394870001344543,9.170672417654169,23.619067585034912,1.1639487000134454,1.093902948635007,1.2384796822730078
2000-09,Persons,4,15-19,13.303065033965321,9.112878597684947,17.493251470245696,1.1330306503396532,1.0918941319520001,1.175716964715341
2000-09,Persons,5,20-24,13.963829256946036,10.416010947248179,17.511647566643894,1.1396382925694604,1.104706660481856,1.1756744883968826
2000-09,Persons,6,25-29,30.786435047892112,27.051896128324373,34.52097396745985,1.3078643504789211,1.2710471114497228,1.3457480402144093
2000-09,Persons,7,30-34,27.318836959566518,24.250316022811912,30.38735789632112,1.2731883695956652,1.2428699806745451,1.3042463408713878
2000-09,Persons,8,35-39,19.49637080655433,17.122458933596363,21.8702826795123,1.1949637080655433,1.1714588359576696,1.2189401964145083
2000-09,Persons,9,40-44,19.562458487117173,17.574128016604252,21.550788957630097,1.1956245848711717,1.175905697722795,1.2156741401259479
2000-09,Persons,10,45-49,17.966455504474798,16.311509054946427,19.62140195400317,1.179664555044748,1.163230635464605,1.1963306501750637
2000-09,Persons,11,50-54,18.603516544006006,17.242572450475958,19.964460637536053,1.18603516544006,1.1725035090752658,1.1997229882662401
2000-09,Persons,12,55-59,18.735176594690508,17.62465088732732,19.84570230205369,1.187351765946905,1.176298280869333,1.1985091188395944
2000-09,Persons,13,60-64,19.90642561499709,18.95425836749325,20.858592862500934,1.199064256149971,1.1895802892196483,1.2086238343101958
2000-09,Persons,14,65-69,19.625748657063504,18.814888793790054,20.436608520336954,1.196257486570635,1.1881763072299347,1.2043936286800248
2000-09,Persons,15,70-74,19.49492455986983,18.827671210989514,20.162177908750145,1.1949492455986983,1.1882953070201279,1.201640443348744
2000-09,Persons,16,75-79,17.48628724947201,16.939294839639672,18.03327965930435,1.17486287249472,1.169405662088524,1.1803455498080664
2000-09,Persons,17,80-84,12.745908828918662,12.271890907109938,13.219926750727385,1.1274590882891866,1.1227288596950635,1.1322092460606525
2000-09,Persons,18,85+,5.333928521070708,5.00699633224968,5.660860709891735,1.053339285210707,1.0500750316875325,1.0566136859621673
2010-19,Persons,0,<1,29.42483653369368,26.30972124284994,32.53995182453742,1.2942483653369368,1.2634691099442918,1.3257774313542097
2010-19,Persons,1,01-04,21.291764895321897,13.962317518608591,28.6212122720352,1.212917648953219,1.1417937622018375,1.2884719393677526
2010-19,Persons,2,05-09,14.81737238327787,5.831763440463367,23.802981326092375,1.1481737238327787,1.0617437480073888,1.2416394281333276
2010-19,Persons,3,10-14,18.611076913676627,9.743815643333198,27.478338184020057,1.1861107691367663,1.1006716237129144,1.2781820902372596
2010-19,Persons,4,15-19,12.447317099419376,7.343336095891462,17.55129810294729,1.1244731709941937,1.074574380118526,1.1766890553879286
2010-19,Persons,5,20-24,6.417114129715773,2.685578727459448,10.148649531972097,1.0641711412971577,1.02750244171575,1.1021484446097123
2010-19,Persons,6,25-29,29.296572271305088,25.305133108820076,33.288011433790096,1.2929657227130509,1.2536611270598526,1.333502590154946
2010-19,Persons,7,30-34,38.28397850740926,34.641173553138294,41.926783461680216,1.3828397850740926,1.3468873606778053,1.4197518864691454
2010-19,Persons,8,35-39,44.89848830036316,41.69964027280286,48.09733632792346,1.4489848830036316,1.4173469150921234,1.4813290725203878
2010-19,Persons,9,40-44,36.130704412737224,33.73154853267919,38.52986029279526,1.3613070441273722,1.3375256613963675,1.3855112629810187
2010-19,Persons,10,45-49,27.359696086707295,25.575976367353135,29.143415806061455,1.273596960867073,1.2558840908575752,1.291559651513887
2010-19,Persons,11,50-54,20.28316231626772,18.88574331670121,21.680581315834235,1.2028316231626772,1.188938294005606,1.2168873027092009
2010-19,Persons,12,55-59,20.280845527369596,19.09025857598554,21.47143247875365,1.202808455273696,1.1909613163022017,1.2147734441701952
2010-19,Persons,13,60-64,20.652787465397715,19.66480286434267,21.64077206645276,1.2065278746539772,1.1966883698027115,1.2164482826527632
2010-19,Persons,14,65-69,20.605275482462226,19.784610164697035,21.425940800227416,1.2060527548246223,1.197873959738277,1.2142873927553006
2010-19,Persons,15,70-74,19.156514148043648,18.457298702340807,19.855729593746485,1.1915651414804365,1.1845934620828125,1.1985778512527663
2010-19,Persons,16,75-79,17.127908138328074,16.530585126917273,17.725231149738875,1.1712790813832807,1.1653210563999035,1.1772675684110083
2010-19,Persons,17,80-84,14.277580306243198,13.77488882230491,14.780271790181487,1.142775803062432,1.1377599283853186,1.1478137904877175
2010-19,Persons,18,85+,6.349856775429696,6.045804938115995,6.653908612743398,1.063498567754297,1.060462391628706,1.0665434366591307
2020-24,Persons,0,<1,43.83224305231346,38.60082293419427,49.06366317043265,1.4383224305231346,1.386948176720262,1.4915996494101411
2020-24,Persons,1,01-04,33.26021549841243,20.48386652363363,46.03656447319122,1.3326021549841243,1.2107722080962544,1.4666908371315677
2020-24,Persons,2,05-09,16.221574746496657,3.035012347092847,29.40813714590047,1.1622157474649666,1.0375558181039504,1.301853278721842
2020-24,Persons,3,10-14,28.26138292073148,15.202780942933924,41.319984898529036,1.2826138292073148,1.1584554721346847,1.4200789537835496
2020-24,Persons,4,15-19,18.48091582692648,11.027498118494904,25.934333535358057,1.1848091582692648,1.1125709883581785,1.2617376834446061
2020-24,Persons,5,20-24,10.3986728330012,4.851171013053346,15.946174652949052,1.103986728330012,1.0498824563614688,1.1608791907550289
2020-24,Persons,6,25-29,41.92937580450935,35.79555382374853,48.06319778527018,1.4192937580450935,1.3592620886525604,1.4819767199000147
2020-24,Persons,7,30-34,43.73159486307554,38.680481334344364,48.782708391806715,1.4373159486307554,1.387682055453372,1.488725121197436
2020-24,Persons,8,35-39,48.0313325661952,43.78711275775393,52.27555237463648,1.480313325661952,1.4384737862771826,1.523369812531361
2020-24,Persons,9,40-44,48.54506780212149,44.98702486902128,52.10311073522169,1.4854506780212149,1.4502929888955514,1.5214606522465932
2020-24,Persons,10,45-49,46.05483159162114,43.172915657376265,48.93674752586601,1.4605483159162114,1.4320116217565249,1.4896536806796774
2020-24,Persons,11,50-54,32.53220675366002,30.497702414149085,34.56671109317095,1.3253220675366002,1.3051323867017406,1.3458240716394798
2020-24,Persons,12,55-59,24.577428553431147,23.00455090384275,26.150306203019547,1.2457742855343115,1.23014438590356,1.2616027746682683
2020-24,Persons,13,60-64,21.864402500427225,20.54004156421241,23.188763436642045,1.2186440250042723,1.2054721181024803,1.2319598581975346
2020-24,Persons,14,65-69,21.750941663483502,20.603004382405143,22.89887894456186,1.217509416634835,1.2060839911774073,1.229043076964658
2020-24,Persons,15,70-74,21.392910076319183,20.458356151523517,22.327464001114848,1.2139291007631918,1.204619443102243,1.223310706229948
2020-24,Persons,16,75-79,19.466447571488278,18.68673599648849,20.24615914648806,1.1946644757148828,1.1868927490883088,1.2024870912990349
2020-24,Persons,17,80-84,16.303648758663726,15.610805063182841,16.996492454144608,1.1630364875866372,1.1561286467435437,1.1699856026125375
2020-24,Persons,18,85+,6.7730509810685735,6.369891072145073,7.176210889992074,1.0677305098106857,1.0637065125240714,1.0717697298622
