band,Year,sex,excess,lo,hi
All ages,1981,Persons,13.743994889572054,13.138701909654671,14.352526191879168
All ages,1981,Female,12.843670000339902,11.995930513934528,13.697826347014308
All ages,1981,Male,14.59418873087943,13.732090900732485,15.462821327624422
All ages,1982,Persons,15.714008413472346,15.100379632513338,16.330908602241003
All ages,1982,Female,14.541816656358808,13.685611752282668,15.404469929990805
All ages,1982,Male,16.860297253075164,15.982864399911968,17.744368055868186
All ages,1983,Persons,15.191318315311154,14.579018275414967,15.806890431932196
All ages,1983,Female,13.631775559000324,12.780094190313473,14.489888569360998
All ages,1983,Male,16.650658727979973,15.773003642905747,17.534967164216585
All ages,1984,Persons,15.436490091810384,14.816488618585133,16.059839532138852
All ages,1984,Female,15.07603408083349,14.20557098112094,15.953131760640948
All ages,1984,Male,15.667432323488706,14.787140912454744,16.554474603672098
All ages,1985,Persons,14.823884937247955,14.219507227395866,15.431460633372573
All ages,1985,Female,12.936522450930488,12.101839315259411,13.777420435003961
All ages,1985,Male,16.64859742142195,15.77579312872186,17.527981563957383
All ages,1986,Persons,14.10129055293825,13.496077803363594,14.709730572382806
All ages,1986,Female,12.865077646888267,12.024141970270907,13.712326005752251
All ages,1986,Male,15.216298668427374,14.347979663480048,16.091211387549365
All ages,1987,Persons,13.899299444812808,13.28764455713307,14.514256737649678
All ages,1987,Female,12.509189826493007,11.661488549616926,13.363326602878821
All ages,1987,Male,15.18592267927319,14.30598413485884,16.072635075886144
All ages,1988,Persons,14.366614790265398,13.7549533312894,14.981565158686138
All ages,1988,Female,13.05956492493474,12.213177508916019,13.912336365306931
All ages,1988,Male,15.565031539627938,14.683661031995833,16.453175583827772
All ages,1989,Persons,15.309728566861569,14.695384065724015,15.927363690103501
All ages,1989,Female,13.836337473561588,12.99068597208015,14.688318049477855
All ages,1989,Male,16.718304914036118,15.827920193719835,17.61553414083106
All ages,1990,Persons,13.835326793087098,13.222739057567612,14.451228913480453
All ages,1990,Female,12.696065223850962,11.84797312877155,13.550588013931964
All ages,1990,Male,14.86635838029262,13.984059804239513,15.755486426875587
All ages,1991,Persons,13.531076311978385,12.92302916091601,14.142397563467068
All ages,1991,Female,12.34655920140928,11.508252163280751,13.191168541623455
All ages,1991,Male,14.607572247135758,13.72798789216536,15.493959401063972
All ages,1992,Persons,13.462038637061458,12.847841981949482,14.079578178705642
All ages,1992,Female,12.369049357744966,11.52151271825852,13.22302707158347
All ages,1992,Male,14.432457520414443,13.54489502812819,15.3269579483738
All ages,1993,Persons,13.805567592086089,13.199954256464942,14.414420924708038
All ages,1993,Female,12.229850484341087,11.400982579005525,13.064885498696599
All ages,1993,Male,15.302972913076607,14.420059120400254,16.192699643722854
All ages,1994,Persons,12.881648658159882,12.266912374346429,13.499751033465902
All ages,1994,Female,11.997471842622476,11.150408122254563,12.850990932417128
All ages,1994,Male,13.632970291929514,12.743244914356122,14.529717032495437
All ages,1995,Persons,11.592180921625395,10.991868567659392,12.195740134365618
All ages,1995,Female,9.967637114410866,9.14740190230885,10.79403633767071
All ages,1995,Male,13.163131229220282,12.286267901543635,14.046842137725779
All ages,1996,Persons,12.071646016732252,11.467398567489774,12.679168997516776
All ages,1996,Female,10.92782022258354,10.100375988738541,11.761482999771133
All ages,1996,Male,13.126564270662634,12.245959734161428,14.014077424200423
All ages,1997,Persons,11.808152466351874,11.202449141434778,12.417154967866662
All ages,1997,Female,9.338148091391062,8.520734157449382,10.161719056471451
All ages,1997,Male,14.372550897167624,13.475440831748697,15.276753303128054
All ages,1998,Persons,14.468483556759558,13.846169659760843,15.09419918951762
All ages,1998,Female,13.746962429797271,12.892892175378856,14.607493994449005
All ages,1998,Male,15.026420766323657,14.121902529870955,15.938108119501004
All ages,1999,Persons,12.795006269172383,12.18132941939074,13.412040177369233
All ages,1999,Female,10.82703274541792,9.996016850047361,11.664326935568026
All ages,1999,Male,14.749298259827071,13.84411830766943,15.6616753404615
All ages,2000,Persons,11.24554199376011,10.631962671209806,11.8625243074169
All ages,2000,Female,9.516968831711537,8.682818516161683,10.35752132525447
All ages,2000,Male,12.937298529689812,12.036164885847288,13.845680206744593
All ages,2001,Persons,12.668523383805663,12.043857126879388,13.296672276393974
All ages,2001,Female,11.35349536420387,10.501703578246424,12.211853105464531
All ages,2001,Male,13.907789415371186,12.993311306006516,14.829668584168875
All ages,2002,Persons,12.636094750334914,12.01342753360779,13.26222328836364
All ages,2002,Female,11.275377674055642,10.42734624992676,12.129921590974856
All ages,2002,Male,13.921737410921997,13.008991301545269,14.841855548405425
All ages,2003,Persons,12.953639096062819,12.331293873678195,13.579432276380343
All ages,2003,Female,11.214922272698157,10.373233006621208,12.063030131411479
All ages,2003,Male,14.689135351363024,13.769554589023114,15.616148935089313
All ages,2004,Persons,13.658906964913896,13.017640830928956,14.303811665865652
All ages,2004,Female,12.454771282928888,11.578972029914802,13.337444809093423
All ages,2004,Male,14.771580374366987,13.834462884037269,15.716412480889685
All ages,2005,Persons,13.537074092338553,12.89583086436159,14.18195955293189
All ages,2005,Female,12.222320448662384,11.348533893346824,13.102963878671803
All ages,2005,Male,14.80187142929088,13.862218823934036,15.749278556102464
All ages,2006,Persons,14.046239893942648,13.395746840787126,14.700464491040455
All ages,2006,Female,12.589833192880185,11.701291614967824,13.48544278338455
All ages,2006,Male,15.459924546233882,14.509340403210146,16.418399837785635
All ages,2007,Persons,15.018984602625807,14.363176818050949,15.678553071909441
All ages,2007,Female,14.538357285860993,13.636431223576162,15.447441885360247
All ages,2007,Male,15.359480711323803,14.408172761699856,16.3186988197517
All ages,2008,Persons,15.040443305722317,14.387997311454592,15.696610719941773
All ages,2008,Female,14.197140651768358,13.302947837218571,15.098390482970014
All ages,2008,Male,15.801484742171867,14.851266849374301,16.759564229086443
All ages,2009,Persons,13.841200797866392,13.184163408903892,14.502052308146673
All ages,2009,Female,13.103395415489171,12.195631734207923,14.018503722299203
All ages,2009,Male,14.50070747693779,13.55204083075039,15.457299726214346
All ages,2010,Persons,13.076511215151875,12.425196828162456,13.731598870435867
All ages,2010,Female,11.926197123137872,11.031311701319769,12.828295104241349
All ages,2010,Male,14.191578011650186,13.245510700616393,15.14554888858668
All ages,2011,Persons,13.69980619835971,13.039043682241624,14.3644311595984
All ages,2011,Female,12.837773795125052,11.926299104808757,13.756671102982798
All ages,2011,Male,14.514320312260232,13.558509259725815,15.478176334512028
All ages,2012,Persons,13.353906064315858,12.705057869096926,14.006489708399261
All ages,2012,Female,12.64791993385186,11.754103347360223,13.548885323531511
All ages,2012,Male,13.998357581829435,13.05837462705577,14.94615568482347
All ages,2013,Persons,13.998855768977393,13.35096268817033,14.650452086476973
All ages,2013,Female,13.540032788926526,12.642680940447782,14.444533262892945
All ages,2013,Male,14.3485069698005,13.415554839972167,15.289133529099995
All ages,2014,Persons,14.164881980794263,13.512822702904547,14.820686926281311
All ages,2014,Female,13.061595534554149,12.159737800532477,13.970704956109747
All ages,2014,Male,15.182187907895228,14.242011649245923,16.130101525022077
All ages,2015,Persons,13.600188208554664,12.96888477932061,14.235019547447592
All ages,2015,Female,13.374809285792622,12.49760391086625,14.258854711022728
All ages,2015,Male,13.67260474010008,12.766838782948376,14.585645991815245
All ages,2016,Persons,13.635797881148681,13.001407512591356,14.2737497198556
All ages,2016,Female,12.927174474638136,12.045104758447668,13.816188242386197
All ages,2016,Male,14.219051445849473,13.309477002688741,15.135927358309464
All ages,2017,Persons,13.741910650170098,13.112093223757482,14.37523495174795
All ages,2017,Female,13.429492643552488,12.549349018227595,14.316519052367083
All ages,2017,Male,13.893218966374455,12.995045560894148,14.798531759801437
All ages,2018,Persons,13.883231107607896,13.256982598878508,14.512942424419295
All ages,2018,Female,14.159718242740048,13.278077670921151,15.048220602063257
All ages,2018,Male,13.452080288269475,12.565568123795945,14.345574195303001
All ages,2019,Persons,14.710328680386354,14.073520476105617,15.350691826141194
All ages,2019,Female,14.831651481651932,13.931798119988482,15.73861204328817
All ages,2019,Male,14.441612537121419,13.543512104200396,15.346816717078848
All ages,2020,Persons,17.74456486382059,17.134142440471933,18.35816838814599
All ages,2020,Female,17.811754500523435,16.943138825780313,18.686821970540592
All ages,2020,Male,17.538639483008023,16.68344860500104,18.40009818602848
All ages,2021,Persons,12.924159738823482,12.328273451473803,13.523207122276059
All ages,2021,Female,12.704979647416392,11.857994484584244,13.558378154858941
All ages,2021,Male,12.995146485278152,12.15949265520122,13.837026425220532
All ages,2022,Persons,15.530035009843001,14.915265270183742,16.148093623542724
All ages,2022,Female,15.42250424349576,14.549487553967477,16.30217446030271
All ages,2022,Male,15.498158112097538,14.635194809339659,16.367617723978857
All ages,2023,Persons,15.703776569637418,15.09019690975233,16.32062740299456
All ages,2023,Female,15.6586759026202,14.78559708185163,16.538395509747474
All ages,2023,Male,15.610332065674037,14.75072114208773,16.47638243410736
All ages,2024,Persons,16.161180858689605,15.53821454624369,16.787506120622187
All ages,2024,Female,16.30231894572105,15.413198115331351,17.198289390053855
All ages,2024,Male,15.906244429449213,15.035920363479892,16.783153082019076
Under 75,1981,Persons,17.655762101772087,16.761955089071723,18.556411163111864
Under 75,1981,Female,17.712580584239834,16.28552203813762,19.157152024968237
Under 75,1981,Male,17.64316229299727,16.4992667838054,18.798289606234555
Under 75,1982,Persons,20.278437658516047,19.358941065561154,21.20501770895562
Under 75,1982,Female,19.61407387987326,18.158285925758566,21.087798101010957
Under 75,1982,Male,20.743018098414435,19.559766520029665,21.93798000660747
Under 75,1983,Persons,19.296456414611395,18.375377370442013,20.22470237663525
Under 75,1983,Female,18.886212673773485,17.42105611987872,20.369651159362267
Under 75,1983,Male,19.59543489459259,18.413763879255086,20.78889800523005
Under 75,1984,Persons,18.959440529215033,18.02636980302772,19.89988775085432
Under 75,1984,Female,20.070297643812253,18.57164476211548,21.58789232617582
Under 75,1984,Male,18.270649398375504,17.08119201706946,19.472190777440467
Under 75,1985,Persons,20.03400177521131,19.094857136071308,20.98055221401751
Under 75,1985,Female,19.50689755567556,18.022721630449357,21.009737498699277
Under 75,1985,Male,20.409440061959106,19.199529172781958,21.63163190870303
Under 75,1986,Persons,19.130656362933273,18.187268205276364,20.08157478361703
Under 75,1986,Female,19.449758540321426,17.944737085483453,20.97398466368039
Under 75,1986,Male,18.94646618616287,17.73865841838529,20.166664103645715
Under 75,1987,Persons,19.04554222643886,18.089205028246603,20.009624254790893
Under 75,1987,Female,19.06392932231322,17.547940218962953,20.599469793022163
Under 75,1987,Male,19.057334504925414,17.827893087472148,20.299604176872087
Under 75,1988,Persons,20.61185274958104,19.634865720318718,21.596818252757323
Under 75,1988,Female,21.043799183149048,19.490329087664794,22.617465635576917
Under 75,1988,Male,20.348736732099848,19.095347718552237,21.615316722871825
Under 75,1989,Persons,20.46299793133899,19.47398205675075,21.46020096419674
Under 75,1989,Female,20.360672379180777,18.80134354346803,21.940468209166177
Under 75,1989,Male,20.54833254221682,19.272469881290522,21.837843160053616
Under 75,1990,Persons,19.155164067676477,18.165767194300653,20.15284511841
Under 75,1990,Female,19.427737133499832,17.855279646269185,21.021174780096864
Under 75,1990,Male,18.99190711500578,17.722336259469508,20.2751695961795
Under 75,1991,Persons,19.77107136288023,18.769191670470065,20.781402429792053
Under 75,1991,Female,21.37408707868802,19.76514927033368,23.004639529423088
Under 75,1991,Male,18.735953750921297,17.45921553064802,20.026569643335847
Under 75,1992,Persons,19.037525315722736,18.03082345134772,20.05281348504844
Under 75,1992,Female,21.825905311427274,20.1931908954611,23.480798657366453
Under 75,1992,Male,17.247366845629884,15.9727512757041,18.53599126533485
Under 75,1993,Persons,20.030706097471818,19.02329757571475,21.04664128543945
Under 75,1993,Female,19.819892472090174,18.231134490318702,21.429999753566186
Under 75,1993,Male,20.17946609865877,18.88029062589318,21.492839525518768
Under 75,1994,Persons,18.88634076411917,17.870733415006356,19.910698871437106
Under 75,1994,Female,20.667277470112477,19.04031205207486,22.316479191347383
Under 75,1994,Male,17.726493841090818,16.430334759677656,19.037082395439842
Under 75,1995,Persons,17.518204751289556,16.509874429259973,18.535261630130773
Under 75,1995,Female,18.63772630826668,17.030591454278053,20.266931309956092
Under 75,1995,Male,16.79090977339788,15.499707861439994,18.096546374484525
Under 75,1996,Persons,18.145126444705785,17.11637569895126,19.182913741417206
Under 75,1996,Female,20.439538223290988,18.781259351144254,22.120967959747738
Under 75,1996,Male,16.65788879609138,15.350352878491513,17.98024608296449
Under 75,1997,Persons,19.25302746024442,18.1978011704333,20.31767442042065
Under 75,1997,Female,19.28470928718602,17.62251300115123,20.970395094255622
Under 75,1997,Male,19.237529353414516,17.875844288082575,20.614944411845105
Under 75,1998,Persons,20.205257799191777,19.131045380327684,21.2891564616136
Under 75,1998,Female,20.96118634470663,19.253767682174107,22.693051014655307
Under 75,1998,Male,19.715773083929534,18.337855103886902,21.10973544772461
Under 75,1999,Persons,20.549068716654073,19.459231349146332,21.64884876899411
Under 75,1999,Female,19.989032098711903,18.27754121032401,21.725288475383174
Under 75,1999,Male,20.940013178412208,19.530775530654587,22.36586538203664
Under 75,2000,Persons,18.282133492837538,17.196233284239227,19.37809528131764
Under 75,2000,Female,17.984165610193003,16.274433283726218,19.719038326903892
Under 75,2000,Male,18.510312609780133,17.10849664369929,19.92890863929857
Under 75,2001,Persons,17.976642600492386,16.87754188008741,19.08607911658713
Under 75,2001,Female,17.906858313343022,16.174951015890947,19.66458445436452
Under 75,2001,Male,18.053660535435423,16.635601542934975,19.48896032988321
Under 75,2002,Persons,18.395492419373703,17.28465601863174,19.516849868231432
Under 75,2002,Female,18.546423839586424,16.788608685682394,20.330696317968133
Under 75,2002,Male,18.328807841608242,16.899619976252023,19.775468629073977
Under 75,2003,Persons,18.69102390609736,17.572036335994355,19.820661399609605
Under 75,2003,Female,17.8460091973897,16.09618901280683,19.62220294948076
Under 75,2003,Male,19.278830291379467,17.82790217132588,20.747625082830655
Under 75,2004,Persons,19.453219834597334,18.304381127878088,20.613214766990318
Under 75,2004,Female,19.107131751488303,17.30281760229062,20.939199279637457
Under 75,2004,Male,19.70479773661875,18.2195796558986,21.208674932467876
Under 75,2005,Persons,20.261141439545916,19.09443114219971,21.4392814310002
Under 75,2005,Female,19.4231227921162,17.59804200155073,21.27652820301884
Under 75,2005,Male,20.84158353658163,19.32930528531096,22.373027117808753
Under 75,2006,Persons,20.021621670314403,18.84664530541209,21.20821442922205
Under 75,2006,Female,21.00437311492589,19.13705898263187,22.90095489994226
Under 75,2006,Male,19.372991835850595,17.86622699421656,20.899018686169235
Under 75,2007,Persons,20.653125640580438,19.46313375230617,21.854971233421814
Under 75,2007,Female,21.742712633004825,19.854352443437094,23.660824801811064
Under 75,2007,Male,19.924687718289103,18.3972951645184,21.47178450609719
Under 75,2008,Persons,22.006155798038307,20.804361244477178,23.219906129802247
Under 75,2008,Female,22.10062159097479,20.211687728538475,24.019237019355998
Under 75,2008,Male,21.948459066856763,20.39587253204942,23.521067259361892
Under 75,2009,Persons,20.493379183636872,19.291747569360496,21.707114892000632
Under 75,2009,Female,21.337195227807637,19.431364351383795,23.273438478311427
Under 75,2009,Male,19.939724473746523,18.396765666771685,21.50279127832262
Under 75,2010,Persons,19.6339875785307,18.43733383168602,20.84273194024746
Under 75,2010,Female,21.172361031968244,19.26649549747228,23.108682088951294
Under 75,2010,Male,18.614024576568667,17.081857019208456,20.166242528444258
Under 75,2011,Persons,21.721148837045344,20.490257608321947,22.96461447009839
Under 75,2011,Female,22.395041295686326,20.454838635352978,24.3664953893852
Under 75,2011,Male,21.275307561538128,19.688330520465946,22.88332672190412
Under 75,2012,Persons,20.450095866421258,19.228766778524875,21.683935733228175
Under 75,2012,Female,21.777537308828077,19.850578714279067,23.73547755957719
Under 75,2012,Male,19.547469223814517,17.974057660889375,21.141865264136083
Under 75,2013,Persons,19.701278144734303,18.493045847361756,20.921830365811832
Under 75,2013,Female,20.64748844730431,18.740589612822124,22.58501087205842
Under 75,2013,Male,19.060986329924635,17.504711362172998,20.637873167167896
Under 75,2014,Persons,22.708190460621893,21.47090966110823,23.95807397942955
Under 75,2014,Female,23.22323102385939,21.28021008397438,25.197380953133663
Under 75,2014,Male,22.350718061141993,20.75168820575193,23.970922746602106
Under 75,2015,Persons,20.99185078143815,19.785861103610316,22.20998221864916
Under 75,2015,Female,23.46786888076855,21.543420335399933,25.422788036504663
Under 75,2015,Male,19.319549292612148,17.777866373379148,20.88141245705286
Under 75,2016,Persons,21.55393752341257,20.35530409595314,22.7645082901045
Under 75,2016,Female,23.813162069031947,21.912567825002593,25.74338622361836
Under 75,2016,Male,19.99829454908113,18.459594116180323,21.55698153553949
Under 75,2017,Persons,21.515345688165244,20.317383554058456,22.725235552350263
Under 75,2017,Female,23.491445231473417,21.584526784149304,25.428271579588223
Under 75,2017,Male,20.184385990657084,18.650222845272978,21.738386069341576
Under 75,2018,Persons,22.967075054812923,21.76725175909493,24.178720707693046
Under 75,2018,Female,26.212320179509607,24.284732418743673,28.169803764993052
Under 75,2018,Male,20.789390748046067,19.26251631765561,22.335813194008946
Under 75,2019,Persons,23.10739360931182,21.895192182451105,24.331649919330566
Under 75,2019,Female,24.108191850899917,22.197996490835536,26.04824732666502
Under 75,2019,Male,22.421090892696416,20.858041945384876,24.004354647168235
Under 75,2020,Persons,25.043857725640795,23.88255705373772,26.21604466985401
Under 75,2020,Female,28.230144962222113,26.348530224205003,30.139781189812865
Under 75,2020,Male,22.975181504829933,21.504683290207648,24.463476276265126
Under 75,2021,Persons,23.661787388225953,22.523190984157893,24.810964660788738
Under 75,2021,Female,27.438754794036214,25.58983973582565,29.314889306461133
Under 75,2021,Male,21.206821738702253,19.767256425793978,22.663690180629036
Under 75,2022,Persons,26.061847691704678,24.86162390220066,27.27360855000429
Under 75,2022,Female,29.122952185349817,27.193940258191752,31.081219334946653
Under 75,2022,Male,24.029964281267645,22.502588626117227,25.576383422911775
Under 75,2023,Persons,26.899223914129422,25.69016509627069,28.119913102780657
Under 75,2023,Female,29.702131910207118,27.758713966805516,31.675112403085535
Under 75,2023,Male,25.053935569079712,23.515214747484016,26.611825379464804
Under 75,2024,Persons,25.901737217591368,24.685469918937297,27.129868818820047
Under 75,2024,Female,28.238182181485307,26.29168126444956,30.214684012136917
Under 75,2024,Male,24.34482997033833,22.792654768466925,25.91662562802486
25-49,1981,Persons,13.159621809507627,10.220133419020527,16.177504153347687
25-49,1981,Female,11.62147483269489,7.021257010729709,16.419429110020545
25-49,1981,Male,14.155912388475622,10.369517346914003,18.072205501129623
25-49,1982,Persons,14.049490431773304,11.053868866455652,17.12591736347926
25-49,1982,Female,11.135750164338965,6.501307391202338,15.971862384955582
25-49,1982,Male,15.958908456353683,12.07161002513888,19.981041116236533
25-49,1983,Persons,12.646124522279734,9.676404738549982,15.696255727362129
25-49,1983,Female,11.73105124769691,7.024085452046247,16.645031444898816
25-49,1983,Male,13.233777632835487,9.440023847479818,17.159042425571403
25-49,1984,Persons,12.953504089533773,9.955624002645248,16.03311974108197
25-49,1984,Female,12.249286909697933,7.485181454171075,17.224553573535694
25-49,1984,Male,13.415600790658623,9.592159074637841,17.372434408793968
25-49,1985,Persons,12.70360098196659,9.712285754550521,15.776474685065068
25-49,1985,Female,13.509635407840225,8.701616015567271,18.530319996122422
25-49,1985,Male,12.22753729767534,8.439335913480406,16.148075067060464
25-49,1986,Persons,11.78070858099083,8.8274035173159,14.814158998843396
25-49,1986,Female,14.120034759976274,9.302574736720137,19.149822087795677
25-49,1986,Male,10.372055092346244,6.6659399136300035,14.206939489512461
25-49,1987,Persons,9.325472982248018,6.435358471643737,12.294064814715512
25-49,1987,Female,7.654202428062629,3.138536685229898,12.36757542713871
25-49,1987,Male,10.445839395541533,6.718503663531439,14.30335903364275
25-49,1988,Persons,11.588334077207051,8.660692239123247,14.594855283307728
25-49,1988,Female,11.245332666815756,6.584256874648364,16.11024369860845
25-49,1988,Male,11.85639787225492,8.125335115233057,15.716207784437053
25-49,1989,Persons,8.419773786703356,5.578082876104151,11.33795033723275
25-49,1989,Female,13.273688753748214,8.498832980161808,18.25867810234478
25-49,1989,Male,5.589159802671473,2.0854597845515244,9.2131111655263
25-49,1990,Persons,7.497238430431885,4.708442526989587,10.360310890791302
25-49,1990,Female,9.2925903689025091,4.696843996788713,14.090070469660931
25-49,1990,Male,6.49285514193394,3.0119686505525323,10.091364574849294
25-49,1991,Persons,5.485729337143264,2.7541885594753346,8.28988335933838
25-49,1991,Female,9.918237065175383,5.275434042763871,14.76579459751517
25-49,1991,Male,3.01995222857363,-0.3290363045506228,6.481468259969803
25-49,1992,Persons,7.862683981476737,5.077365576816195,10.721833687224368
25-49,1992,Female,16.065631980241825,11.19294219293887,21.15185245838742
25-49,1992,Male,3.320763469851973,-0.03660092041437579,6.790888087889835
25-49,1993,Persons,6.1999433212871935,3.4664919738156774,9.005608929882847
25-49,1993,Female,6.912504159908717,2.458451859359223,11.560182086612137
25-49,1993,Male,5.827847464059044,2.392869797261854,9.378058462969662
25-49,1994,Persons,5.477449144657265,2.762275502874245,8.26436280843723
25-49,1994,Female,9.421266270454897,4.904100990127747,14.13294045917748
25-49,1994,Male,3.1699019868120626,-0.1986458123008128,6.652146782997437
25-49,1995,Persons,6.0113340521926295,3.318315684056583,8.774546634037094
25-49,1995,Female,11.197012713996713,6.614636083865122,15.976343311722928
25-49,1995,Male,3.081212274980727,-0.21760525019336452,6.4890890895383135
25-49,1996,Persons,6.869935481713907,4.1529841677308665,9.65776161989469
25-49,1996,Female,11.167880376435168,6.5750767948218325,15.958608701559518
25-49,1996,Male,4.427163162337067,1.0864264193065631,7.878305648072748
25-49,1997,Persons,11.759726956907258,8.863583587469147,14.732917637667796
25-49,1997,Female,9.962592858191034,5.363240258535384,14.762717988038897
25-49,1997,Male,12.89303822355472,9.197513041907213,16.713629498630112
25-49,1998,Persons,13.206221269482722,10.283144814688105,16.206774440913698
25-49,1998,Female,16.63487807108721,11.724974622127803,21.760553794416214
25-49,1998,Male,11.273362938584896,7.665482796884593,15.002143472674057
25-49,1999,Persons,18.35727458203702,15.280987849183504,21.515652388529773
25-49,1999,Female,15.495652011672112,10.624108703975278,20.58172300665879
25-49,1999,Male,20.17091495198031,16.238270156273305,24.236611410176856
25-49,2000,Persons,16.54508714579275,13.522004562862943,19.6486741942524
25-49,2000,Female,12.67861674237729,7.938380181630156,17.627026175591443
25-49,2000,Male,19.006566917798363,15.118212008778809,23.026259029113415
25-49,2001,Persons,17.35776460862568,14.308274115842345,20.48860872464853
25-49,2001,Female,12.891002005146435,8.111200379689155,17.882127744095055
25-49,2001,Male,20.166797568526196,16.24466938590048,24.221259470729862
25-49,2002,Persons,16.517257646422312,13.494099829223916,19.620943730741523
25-49,2002,Female,14.25121124072457,9.412387084556562,19.304035107877947
25-49,2002,Male,17.971346744159877,14.130948201404037,21.94097106835038
25-49,2003,Persons,18.32029884175135,15.242600850008348,21.480190613038673
25-49,2003,Female,13.443076782035778,8.66565622660438,18.430533773596224
25-49,2003,Male,21.438059562485613,17.45513533743619,25.55604544607306
25-49,2004,Persons,20.99024034900634,17.80532229648997,24.26126404431972
25-49,2004,Female,17.989152054697357,12.955275861035487,23.247364024974825
25-49,2004,Male,22.873362428222755,18.79840759116631,27.08809402879606
25-49,2005,Persons,21.52587361506171,18.32861048661254,24.80952744370166
25-49,2005,Female,19.326420180207293,14.220960301470754,24.660084413946535
25-49,2005,Male,22.869795312395635,18.805505656470388,27.073122720115194
25-49,2006,Persons,26.093160376979508,22.75855014480277,29.518351879360406
25-49,2006,Female,23.66140061141413,18.346169661402946,29.21535225794456
25-49,2006,Male,27.57028225880729,23.327359388636083,31.959177560168683
25-49,2007,Persons,22.220502160923772,18.970692164330984,25.559084146834433
25-49,2007,Female,21.228236540712775,16.003756697291127,26.68801212292282
25-49,2007,Male,22.82550982292204,18.711523451616664,27.082067727059123
25-49,2008,Persons,24.439049801815905,21.176701069969006,27.789228282733426
25-49,2008,Female,20.11417727727707,14.992510716200226,25.463958419029442
25-49,2008,Male,27.082659730213464,22.893717718661733,31.414385567512216
25-49,2009,Persons,25.85537107476885,22.527372813066936,29.273761974259415
25-49,2009,Female,25.220534176220678,19.80513357537088,30.88072031165052
25-49,2009,Male,26.243240082476717,22.06031100991519,30.56951546868689
25-49,2010,Persons,23.978139444062506,20.64631010559108,27.401982261694478
25-49,2010,Female,21.20176116097623,15.928855168874613,26.71449991568935
25-49,2010,Male,25.675674205337028,21.418324989156012,30.082300907845894
25-49,2011,Persons,29.794458807619108,26.239870496020256,33.44913513432213
25-49,2011,Female,25.778655235954062,20.24685828089772,31.56493516037402
25-49,2011,Male,32.34249920956884,27.752001732469633,37.09794648629139
25-49,2012,Persons,30.72860830590114,27.073994829696545,34.4883274701606
25-49,2012,Female,23.09814513079076,17.575865411790126,28.879794178590966
25-49,2012,Male,35.67222750263706,30.865572800753394,40.655429243812094
25-49,2013,Persons,29.32777464697336,25.759811638023567,32.99696522510778
25-49,2013,Female,25.924479263710953,20.314900026972605,31.795600331146833
25-49,2013,Male,31.426592015220955,26.849911727434026,36.16839659967768
25-49,2014,Persons,36.17336785316218,32.42721463015572,40.02549373450353
25-49,2014,Female,32.13028637446542,26.30117592470946,38.228424633239634
25-49,2014,Male,38.71257292552699,33.87520012172915,43.72473669599859
25-49,2015,Persons,36.387649039846814,32.6134696083801,40.26924162039236
25-49,2015,Female,32.78165027450499,26.878193356223168,38.95978641593878
25-49,2015,Male,38.62634468608317,33.76946043542053,43.65957206130915
25-49,2016,Persons,32.96715372667056,29.3217331704968,36.71533420343598
25-49,2016,Female,33.53359387235388,27.636853745584865,39.702759580780956
25-49,2016,Male,32.58580617278821,27.990776378722558,37.34580331376542
25-49,2017,Persons,37.88908483789912,34.07462166217328,41.81207063437591
25-49,2017,Female,34.75264525851851,28.729506583665643,41.057601214112125
25-49,2017,Male,39.767032036374395,34.88876173612299,44.82172564139945
25-49,2018,Persons,39.60858684939197,35.795476555745196,43.52876853068943
25-49,2018,Female,38.15714666407837,32.056256513129796,44.53989290891249
25-49,2018,Male,40.45271559076342,35.614173320474094,45.46389093271594
25-49,2019,Persons,39.60531078285412,35.72853023185563,43.59282286107779
25-49,2019,Female,36.358586699172314,30.24368376833504,42.760582537486556
25-49,2019,Male,41.558089173413705,36.59674594286821,46.69963381711422
25-49,2020,Persons,45.41735782407776,41.552400909658175,49.387843799497546
25-49,2020,Female,47.331643937465564,41.00405229919668,53.94318781177183
25-49,2020,Male,44.24478302699298,39.406563424622185,49.25091702554225
25-49,2021,Persons,48.79580729152693,44.928216798928865,52.766609267360096
25-49,2021,Female,49.9184891465771,43.58941848674216,56.5265297739719
25-49,2021,Male,48.12747765380352,43.28257453396807,53.13620450668495
25-49,2022,Persons,46.351722577767006,42.41732807721761,50.39480792580628
25-49,2022,Female,42.06226491829626,35.90609702547558,48.49729008061452
25-49,2022,Male,49.021697801985795,43.957946598314464,54.26356752470094
25-49,2023,Persons,47.26307980630875,43.341337271852545,51.292119124786105
25-49,2023,Female,45.55745617242866,39.296230729168435,52.100117400750065
25-49,2023,Male,48.30847718065121,43.322733521197286,53.46765906045632
25-49,2024,Persons,42.36850732582895,38.52250861248048,46.32128800733004
25-49,2024,Female,41.447859876051375,35.28073172095576,47.896132797275406
25-49,2024,Male,42.939492730665776,38.063398449517784,47.987799891589724
0-24,1981,Persons,6.045683084106579,2.506669100346448,9.706880532485895
0-24,1981,Female,5.187463338085352,-0.5123155137052637,11.213789934223106
0-24,1981,Male,6.663755677368832,2.1944411485122384,11.32852870801242
0-24,1982,Persons,9.730012815005761,6.019603612834845,13.570276647626244
0-24,1982,Female,10.074657491578055,4.009614526622651,16.493367243341318
0-24,1982,Male,9.668487762451527,5.022903876747864,14.519564439179478
0-24,1983,Persons,9.01852114001096,5.247612498036802,12.924537378714508
0-24,1983,Female,12.136651282323907,5.849934191613704,18.796753695192937
0-24,1983,Male,7.338614619866957,2.6733225489439683,12.215889215234332
0-24,1984,Persons,5.397405644863573,1.689290586241321,9.240737668897903
0-24,1984,Female,6.639267585453412,0.5436297635836196,13.104464379311542
0-24,1984,Male,4.783965806402635,0.1596073194135572,9.621830436122414
0-24,1985,Persons,5.365928718378754,1.6548966373087781,9.212436409205793
0-24,1985,Female,8.29383156133039,2.1294275696297937,14.830311236574634
0-24,1985,Male,3.7669626251990884,-0.8322867685786606,8.579518288697896
0-24,1986,Persons,11.040873608646695,7.1437866046161425,15.079707396119101
0-24,1986,Female,14.220251242962823,7.707706177315621,21.126577262056976
0-24,1986,Male,9.316932033033654,4.50363851816642,14.351919211286912
0-24,1987,Persons,4.820724294933942,1.1280067255197812,8.648282483569192
0-24,1987,Female,1.4456061705459877,-4.365054785170585,7.609315697226293
0-24,1987,Male,6.937626874939551,2.2139133231143138,11.879642113827282
0-24,1988,Persons,6.942234747486364,3.185786234734933,10.835435674924598
0-24,1988,Female,8.06673994292808,1.8955849455678742,14.611641791261153
0-24,1988,Male,6.360869706851324,1.6761226624553816,11.261467378663825
0-24,1989,Persons,10.109721656698568,6.140572267109756,14.22729823619575
0-24,1989,Female,8.371977288944299,2.0054775970821392,15.135831311978599
0-24,1989,Male,11.218251063326768,6.199923117575423,16.47371303546743
0-24,1990,Persons,11.522190253966746,7.4524344220145755,15.746087894066886
0-24,1990,Female,14.646156715648395,7.759943731075558,21.97242124096106
0-24,1990,Male,9.911966241493197,4.920213601264578,15.141209767090459
0-24,1991,Persons,18.479670078130095,14.029961382732626,23.1030165370925
0-24,1991,Female,19.902626025855152,12.590906953735193,27.689172392967688
0-24,1991,Male,17.688486408696356,12.146496846253374,23.504346748862638
0-24,1992,Persons,12.998235339689401,8.492218178705247,17.691401321076896
0-24,1992,Female,16.831052138096613,9.310383127953092,24.869151064242967
0-24,1992,Male,10.770085862500324,5.216059472752033,16.617291917906087
0-24,1993,Persons,15.194737224192,10.52058415635102,20.066570272358632
0-24,1993,Female,11.491910265547013,4.199836792815925,19.294294859373593
0-24,1993,Male,17.47989732150126,11.481959404375107,23.80053551632173
0-24,1994,Persons,18.275274090230596,13.326445916549856,23.44021157621301
0-24,1994,Female,12.271476345519371,4.680560414440937,20.412847914631914
0-24,1994,Male,21.92239343501441,15.514395187271024,28.685866353049015
0-24,1995,Persons,11.667053489126289,6.98576160212494,16.553180986054915
0-24,1995,Female,12.445745285978905,4.810730221267123,20.636938662923733
0-24,1995,Male,11.119102706949091,5.278164850359102,17.28410163634595
0-24,1996,Persons,11.276615144766854,6.574320181736648,16.186385772494116
0-24,1996,Female,7.670215018191717,0.329617681430161,15.54788575865713
0-24,1996,Male,13.347455453913359,7.327306815852519,19.70528320365197
0-24,1997,Persons,19.558632093958096,14.50028398796559,24.840445895145624
0-24,1997,Female,11.699267499788025,4.049969500867334,19.91090838219991
0-24,1997,Male,24.28608028310626,17.68718789614283,31.25498219713181
0-24,1998,Persons,16.682253000799307,11.640572093071832,21.951615887387945
0-24,1998,Female,15.546422796285153,7.437774374435002,24.2670550349261
0-24,1998,Male,17.246523977488117,10.907202686555827,23.948193190432665
0-24,1999,Persons,23.16166747770523,17.753947616203547,28.817730895346493
0-24,1999,Female,20.532740817595553,12.066589976147357,29.638473090810425
0-24,1999,Male,24.770164692356534,17.853208739876926,32.09308565979085
0-24,2000,Persons,26.80930251250979,21.14122126073521,32.74258783555233
0-24,2000,Female,36.85164884106351,27.02879457036218,47.4340825941159
0-24,2000,Male,21.066315892986353,14.247888469467673,28.291673835332244
0-24,2001,Persons,10.955257734748836,5.963531095122598,16.182134473538756
0-24,2001,Female,13.177772702570657,5.009149883033337,21.9818296613443
0-24,2001,Male,9.703306707814207,3.485425798303421,16.294786534337845
0-24,2002,Persons,14.32279511913379,9.148796725100272,19.74205741148478
0-24,2002,Female,15.76413827418397,7.228971268431006,24.97868394928673
0-24,2002,Male,13.632186843547078,7.2127806323393,20.43595745479603
0-24,2003,Persons,20.738563668349364,15.302237693767996,26.431204183680567
0-24,2003,Female,16.775703403348665,8.434569630078226,25.758463853987234
0-24,2003,Male,23.385628582778285,16.336520330636063,30.861859178009297
0-24,2004,Persons,18.865694476746555,13.440849551279976,24.54996043600972
0-24,2004,Female,17.060511768894116,8.603636883379195,26.17591646871029
0-24,2004,Male,20.116602313211107,13.153300928675748,27.508415864637946
0-24,2005,Persons,18.76080888720779,13.30466277388247,24.479693794163925
0-24,2005,Female,13.245977319605885,4.8733441739675865,22.28704519805058
0-24,2005,Male,22.146260523384953,15.089646765656429,29.635543935814535
0-24,2006,Persons,20.202909063439,14.716114419392913,25.952133407255683
0-24,2006,Female,18.22486433587409,9.665603834313142,27.45216420230525
0-24,2006,Male,21.41472846851842,14.38378585660014,28.87784906477149
0-24,2007,Persons,19.618697081555368,14.114032182025715,25.388897560511214
0-24,2007,Female,13.529084028048244,5.171157716209174,22.551212710109645
0-24,2007,Male,23.465402084973608,16.29456057006633,31.07840501981194
0-24,2008,Persons,21.111467350051562,15.531287863347053,26.961170389031118
0-24,2008,Female,17.687084653328245,9.016235393171801,27.047589235200785
0-24,2008,Male,23.246746851919653,16.079710248220238,30.856293292772573
0-24,2009,Persons,21.770472037167842,16.032582093090085,27.79210453369465
0-24,2009,Female,21.208296159091056,12.186571894471388,30.95552176787684
0-24,2009,Male,22.099218350837123,14.785250985556985,29.87922223353634
0-24,2010,Persons,13.444443979913157,7.954470167435312,19.213607828847536
0-24,2010,Female,14.509538290329814,5.881649489211371,23.840480599998394
0-24,2010,Male,12.781397286964147,5.780131488608831,20.246055615555637
0-24,2011,Persons,17.719761893014407,11.89787857482354,23.844549303778994
0-24,2011,Female,15.227221480819031,6.176749216864508,25.04915311610265
0-24,2011,Male,19.285467554610804,11.817493368663957,27.25220661859058
0-24,2012,Persons,15.303488383740117,9.513517259778649,21.399574829856594
0-24,2012,Female,16.116001655835397,6.887204583918383,26.141626521370664
0-24,2012,Male,14.734697675537479,7.427848627564737,22.538531850662437
0-24,2013,Persons,17.634094209370808,11.56967336066339,24.02814943920033
0-24,2013,Female,21.25398213357419,11.398623566339472,31.98123740275449
0-24,2013,Male,15.285245049760698,7.731704189003974,23.36839768974841
0-24,2014,Persons,21.599416024550024,15.390811206267951,28.142074944598395
0-24,2014,Female,14.528374346664918,5.46173597953572,24.37447960305765
0-24,2014,Male,26.471631482747405,18.16709037731423,35.35979872936434
0-24,2015,Persons,25.41202916821983,18.9847609292763,32.186482850851306
0-24,2015,Female,22.071483372119328,12.16574098491041,32.85203594094106
0-24,2015,Male,27.44510453166338,19.16514074272031,36.30038590021829
0-24,2016,Persons,30.537903074609396,23.778428100831796,37.66650942791869
0-24,2016,Female,35.8384025586316,24.833385629893566,47.81359583074687
0-24,2016,Male,27.02448492531655,18.62319598858906,36.02078106287152
0-24,2017,Persons,17.55823389825839,11.378807417201898,24.080502186659313
0-24,2017,Female,13.972380657229655,4.520906437120975,24.278519919753762
0-24,2017,Male,19.804856494385547,11.806305852277266,28.375618264360813
0-24,2018,Persons,18.854022530445015,12.664918573551098,25.383117038738746
0-24,2018,Female,21.707679851931694,11.648468472656926,32.673197739098335
0-24,2018,Male,16.944548939456826,9.23951248565511,25.1930479683246
0-24,2019,Persons,22.08067079907108,15.626004805480953,28.895659828633093
0-24,2019,Female,24.72773463754676,14.385807147424302,36.00470351853953
0-24,2019,Male,20.264897857843888,12.15947872680092,28.956070596478977
0-24,2020,Persons,18.16324268335945,11.62856216758945,25.08046014678871
0-24,2020,Female,22.22137550616028,11.554745501989828,33.90792622400256
0-24,2020,Male,15.589088770801984,7.480175057622196,24.30978490406568
0-24,2021,Persons,31.755728720313314,24.758270821329486,39.14566093563465
0-24,2021,Female,32.52641141650776,21.421355242575267,44.64712313455623
0-24,2021,Male,31.26167789789074,22.411437825236536,40.7517826003146
0-24,2022,Persons,29.485009870948264,22.66110445316334,36.688544066400496
0-24,2022,Female,33.37270773247858,22.18501201156733,45.58478879724728
0-24,2022,Male,27.05990912796019,18.60425580583611,36.11839135043162
0-24,2023,Persons,33.700499415580644,26.746705202701992,41.035804563025444
0-24,2023,Female,38.271314578294536,26.719185637452192,50.87657278598412
0-24,2023,Male,30.97507635594663,22.419335432899846,40.12876777826251
0-24,2024,Persons,28.905648439621178,22.218750637141362,35.95840337930545
0-24,2024,Female,34.90276003204349,23.81029805057604,46.9890223253399
0-24,2024,Male,25.168756894553425,16.944787319244938,33.97106499290328
